run_id,config,round,node_id,node_type,eval_loss,eval_accuracy,max_class_fraction
run-20260923-234302-37300c,ratio-00.yaml,0,normal-0,normal,1.4023325443267822,0.245849609375,0.3984375
run-20260923-234302-37300c,ratio-00.yaml,0,normal-1,normal,1.4023325443267822,0.245849609375,0.3984375
run-20260923-234302-37300c,ratio-00.yaml,0,normal-2,normal,1.4023325443267822,0.245849609375,0.3984375
run-20260923-234302-37300c,ratio-00.yaml,0,normal-3,normal,1.4023325443267822,0.245849609375,0.3984375
run-20260923-234302-37300c,ratio-00.yaml,0,normal-4,normal,1.4023325443267822,0.245849609375,0.3984375
run-20260923-234302-37300c,ratio-00.yaml,0,normal-5,normal,1.4023325443267822,0.245849609375,0.3984375
run-20260923-234302-37300c,ratio-00.yaml,0,normal-6,normal,1.4023325443267822,0.245849609375,0.3984375
run-20260923-234302-37300c,ratio-00.yaml,0,normal-7,normal,1.4023325443267822,0.245849609375,0.3984375
run-20260923-234302-37300c,ratio-00.yaml,0,normal-8,normal,1.4023325443267822,0.245849609375,0.3984375
run-20260923-234302-37300c,ratio-00.yaml,0,normal-9,normal,1.4023325443267822,0.245849609375,0.3984375
run-20260923-234302-37300c,ratio-00.yaml,1,normal-0,normal,1.3873883485794067,0.2509765625,0.41748046875
run-20260923-234302-37300c,ratio-00.yaml,1,normal-1,normal,1.3873883485794067,0.2509765625,0.41748046875
run-20260923-234302-37300c,ratio-00.yaml,1,normal-2,normal,1.3873883485794067,0.2509765625,0.41748046875
run-20260923-234302-37300c,ratio-00.yaml,1,normal-3,normal,1.3873883485794067,0.2509765625,0.41748046875
run-20260923-234302-37300c,ratio-00.yaml,1,normal-4,normal,1.3873883485794067,0.2509765625,0.41748046875
run-20260923-234302-37300c,ratio-00.yaml,1,normal-5,normal,1.3873883485794067,0.2509765625,0.41748046875
run-20260923-234302-37300c,ratio-00.yaml,1,normal-6,normal,1.3873883485794067,0.2509765625,0.41748046875
run-20260923-234302-37300c,ratio-00.yaml,1,normal-7,normal,1.3873883485794067,0.2509765625,0.41748046875
run-20260923-234302-37300c,ratio-00.yaml,1,normal-8,normal,1.3873883485794067,0.2509765625,0.41748046875
run-20260923-234302-37300c,ratio-00.yaml,1,normal-9,normal,1.3873883485794067,0.2509765625,0.41748046875
run-20260923-234302-37300c,ratio-00.yaml,2,normal-0,normal,1.3603016138076782,0.26123046875,0.440185546875
run-20260923-234302-37300c,ratio-00.yaml,2,normal-1,normal,1.3603016138076782,0.26123046875,0.440185546875
run-20260923-234302-37300c,ratio-00.yaml,2,normal-2,normal,1.3603016138076782,0.26123046875,0.440185546875
run-20260923-234302-37300c,ratio-00.yaml,2,normal-3,normal,1.3603016138076782,0.26123046875,0.440185546875
run-20260923-234302-37300c,ratio-00.yaml,2,normal-4,normal,1.3603016138076782,0.26123046875,0.440185546875
run-20260923-234302-37300c,ratio-00.yaml,2,normal-5,normal,1.3603016138076782,0.26123046875,0.440185546875
run-20260923-234302-37300c,ratio-00.yaml,2,normal-6,normal,1.3603016138076782,0.26123046875,0.440185546875
run-20260923-234302-37300c,ratio-00.yaml,2,normal-7,normal,1.3603016138076782,0.26123046875,0.440185546875
run-20260923-234302-37300c,ratio-00.yaml,2,normal-8,normal,1.3603016138076782,0.26123046875,0.440185546875
run-20260923-234302-37300c,ratio-00.yaml,2,normal-9,normal,1.3603016138076782,0.26123046875,0.440185546875
run-20260923-234302-37300c,ratio-00.yaml,3,normal-0,normal,1.3238990306854248,0.267822265625,0.45947265625
run-20260923-234302-37300c,ratio-00.yaml,3,normal-1,normal,1.3238990306854248,0.267822265625,0.45947265625
run-20260923-234302-37300c,ratio-00.yaml,3,normal-2,normal,1.3238990306854248,0.267822265625,0.45947265625
run-20260923-234302-37300c,ratio-00.yaml,3,normal-3,normal,1.3238990306854248,0.267822265625,0.45947265625
run-20260923-234302-37300c,ratio-00.yaml,3,normal-4,normal,1.3238990306854248,0.267822265625,0.45947265625
run-20260923-234302-37300c,ratio-00.yaml,3,normal-5,normal,1.3238990306854248,0.267822265625,0.45947265625
run-20260923-234302-37300c,ratio-00.yaml,3,normal-6,normal,1.3238990306854248,0.267822265625,0.45947265625
run-20260923-234302-37300c,ratio-00.yaml,3,normal-7,normal,1.3238990306854248,0.267822265625,0.45947265625
run-20260923-234302-37300c,ratio-00.yaml,3,normal-8,normal,1.3238990306854248,0.267822265625,0.45947265625
run-20260923-234302-37300c,ratio-00.yaml,3,normal-9,normal,1.3238990306854248,0.267822265625,0.45947265625
run-20260923-234302-37300c,ratio-00.yaml,4,normal-0,normal,1.2805018424987793,0.34521484375,0.41357421875
run-20260923-234302-37300c,ratio-00.yaml,4,normal-1,normal,1.2805018424987793,0.34521484375,0.41357421875
run-20260923-234302-37300c,ratio-00.yaml,4,normal-2,normal,1.2805018424987793,0.34521484375,0.41357421875
run-20260923-234302-37300c,ratio-00.yaml,4,normal-3,normal,1.2805018424987793,0.34521484375,0.41357421875
run-20260923-234302-37300c,ratio-00.yaml,4,normal-4,normal,1.2805018424987793,0.34521484375,0.41357421875
run-20260923-234302-37300c,ratio-00.yaml,4,normal-5,normal,1.2805018424987793,0.34521484375,0.41357421875
run-20260923-234302-37300c,ratio-00.yaml,4,normal-6,normal,1.2805018424987793,0.34521484375,0.41357421875
run-20260923-234302-37300c,ratio-00.yaml,4,normal-7,normal,1.2805018424987793,0.34521484375,0.41357421875
run-20260923-234302-37300c,ratio-00.yaml,4,normal-8,normal,1.2805018424987793,0.34521484375,0.41357421875
run-20260923-234302-37300c,ratio-00.yaml,4,normal-9,normal,1.2805018424987793,0.34521484375,0.41357421875
run-20260923-234302-37300c,ratio-00.yaml,5,normal-0,normal,1.2323427200317383,0.439208984375,0.353515625
run-20260923-234302-37300c,ratio-00.yaml,5,normal-1,normal,1.2323427200317383,0.439208984375,0.353515625
run-20260923-234302-37300c,ratio-00.yaml,5,normal-2,normal,1.2323427200317383,0.439208984375,0.353515625
run-20260923-234302-37300c,ratio-00.yaml,5,normal-3,normal,1.2323427200317383,0.439208984375,0.353515625
run-20260923-234302-37300c,ratio-00.yaml,5,normal-4,normal,1.2323427200317383,0.439208984375,0.353515625
run-20260923-234302-37300c,ratio-00.yaml,5,normal-5,normal,1.2323427200317383,0.439208984375,0.353515625
run-20260923-234302-37300c,ratio-00.yaml,5,normal-6,normal,1.2323427200317383,0.439208984375,0.353515625
run-20260923-234302-37300c,ratio-00.yaml,5,normal-7,normal,1.2323427200317383,0.439208984375,0.353515625
run-20260923-234302-37300c,ratio-00.yaml,5,normal-8,normal,1.2323427200317383,0.439208984375,0.353515625
run-20260923-234302-37300c,ratio-00.yaml,5,normal-9,normal,1.2323427200317383,0.439208984375,0.353515625
run-20260923-234302-37300c,ratio-00.yaml,6,normal-0,normal,1.181546688079834,0.544189453125,0.316650390625
run-20260923-234302-37300c,ratio-00.yaml,6,normal-1,normal,1.181546688079834,0.544189453125,0.316650390625
run-20260923-234302-37300c,ratio-00.yaml,6,normal-2,normal,1.181546688079834,0.544189453125,0.316650390625
run-20260923-234302-37300c,ratio-00.yaml,6,normal-3,normal,1.181546688079834,0.544189453125,0.316650390625
run-20260923-234302-37300c,ratio-00.yaml,6,normal-4,normal,1.181546688079834,0.544189453125,0.316650390625
run-20260923-234302-37300c,ratio-00.yaml,6,normal-5,normal,1.181546688079834,0.544189453125,0.316650390625
run-20260923-234302-37300c,ratio-00.yaml,6,normal-6,normal,1.181546688079834,0.544189453125,0.316650390625
run-20260923-234302-37300c,ratio-00.yaml,6,normal-7,normal,1.181546688079834,0.544189453125,0.316650390625
run-20260923-234302-37300c,ratio-00.yaml,6,normal-8,normal,1.181546688079834,0.544189453125,0.316650390625
run-20260923-234302-37300c,ratio-00.yaml,6,normal-9,normal,1.181546688079834,0.544189453125,0.316650390625
run-20260923-234302-37300c,ratio-00.yaml,7,normal-0,normal,1.1297615766525269,0.65234375,0.34033203125
run-20260923-234302-37300c,ratio-00.yaml,7,normal-1,normal,1.1297615766525269,0.65234375,0.34033203125
run-20260923-234302-37300c,ratio-00.yaml,7,normal-2,normal,1.1297615766525269,0.65234375,0.34033203125
run-20260923-234302-37300c,ratio-00.yaml,7,normal-3,normal,1.1297615766525269,0.65234375,0.34033203125
run-20260923-234302-37300c,ratio-00.yaml,7,normal-4,normal,1.1297615766525269,0.65234375,0.34033203125
run-20260923-234302-37300c,ratio-00.yaml,7,normal-5,normal,1.1297615766525269,0.65234375,0.34033203125
run-20260923-234302-37300c,ratio-00.yaml,7,normal-6,normal,1.1297615766525269,0.65234375,0.34033203125
run-20260923-234302-37300c,ratio-00.yaml,7,normal-7,normal,1.1297615766525269,0.65234375,0.34033203125
run-20260923-234302-37300c,ratio-00.yaml,7,normal-8,normal,1.1297615766525269,0.65234375,0.34033203125
run-20260923-234302-37300c,ratio-00.yaml,7,normal-9,normal,1.1297615766525269,0.65234375,0.34033203125
run-20260923-234302-37300c,ratio-00.yaml,8,normal-0,normal,1.0783621072769165,0.717529296875,0.371337890625
run-20260923-234302-37300c,ratio-00.yaml,8,normal-1,normal,1.0783621072769165,0.717529296875,0.371337890625
run-20260923-234302-37300c,ratio-00.yaml,8,normal-2,normal,1.0783621072769165,0.717529296875,0.371337890625
run-20260923-234302-37300c,ratio-00.yaml,8,normal-3,normal,1.0783621072769165,0.717529296875,0.371337890625
run-20260923-234302-37300c,ratio-00.yaml,8,normal-4,normal,1.0783621072769165,0.717529296875,0.371337890625
run-20260923-234302-37300c,ratio-00.yaml,8,normal-5,normal,1.0783621072769165,0.717529296875,0.371337890625
run-20260923-234302-37300c,ratio-00.yaml,8,normal-6,normal,1.0783621072769165,0.717529296875,0.371337890625
run-20260923-234302-37300c,ratio-00.yaml,8,normal-7,normal,1.0783621072769165,0.717529296875,0.371337890625
run-20260923-234302-37300c,ratio-00.yaml,8,normal-8,normal,1.0783621072769165,0.717529296875,0.371337890625
run-20260923-234302-37300c,ratio-00.yaml,8,normal-9,normal,1.0783621072769165,0.717529296875,0.371337890625
run-20260923-234302-37300c,ratio-00.yaml,9,normal-0,normal,1.0278745889663696,0.724853515625,0.362060546875
run-20260923-234302-37300c,ratio-00.yaml,9,normal-1,normal,1.0278745889663696,0.724853515625,0.362060546875
run-20260923-234302-37300c,ratio-00.yaml,9,normal-2,normal,1.0278745889663696,0.724853515625,0.362060546875
run-20260923-234302-37300c,ratio-00.yaml,9,normal-3,normal,1.0278745889663696,0.724853515625,0.362060546875
run-20260923-234302-37300c,ratio-00.yaml,9,normal-4,normal,1.0278745889663696,0.724853515625,0.362060546875
run-20260923-234302-37300c,ratio-00.yaml,9,normal-5,normal,1.0278745889663696,0.724853515625,0.362060546875
run-20260923-234302-37300c,ratio-00.yaml,9,normal-6,normal,1.0278745889663696,0.724853515625,0.362060546875
run-20260923-234302-37300c,ratio-00.yaml,9,normal-7,normal,1.0278745889663696,0.724853515625,0.362060546875
run-20260923-234302-37300c,ratio-00.yaml,9,normal-8,normal,1.0278745889663696,0.724853515625,0.362060546875
run-20260923-234302-37300c,ratio-00.yaml,9,normal-9,normal,1.0278745889663696,0.724853515625,0.362060546875
run-20260923-234302-37300c,ratio-00.yaml,10,normal-0,normal,0.9787402153015137,0.728759765625,0.35595703125
run-20260923-234302-37300c,ratio-00.yaml,10,normal-1,normal,0.9787402153015137,0.728759765625,0.35595703125
run-20260923-234302-37300c,ratio-00.yaml,10,normal-2,normal,0.9787402153015137,0.728759765625,0.35595703125
run-20260923-234302-37300c,ratio-00.yaml,10,normal-3,normal,0.9787402153015137,0.728759765625,0.35595703125
run-20260923-234302-37300c,ratio-00.yaml,10,normal-4,normal,0.9787402153015137,0.728759765625,0.35595703125
run-20260923-234302-37300c,ratio-00.yaml,10,normal-5,normal,0.9787402153015137,0.728759765625,0.35595703125
run-20260923-234302-37300c,ratio-00.yaml,10,normal-6,normal,0.9787402153015137,0.728759765625,0.35595703125
run-20260923-234302-37300c,ratio-00.yaml,10,normal-7,normal,0.9787402153015137,0.728759765625,0.35595703125
run-20260923-234302-37300c,ratio-00.yaml,10,normal-8,normal,0.9787402153015137,0.728759765625,0.35595703125
run-20260923-234302-37300c,ratio-00.yaml,10,normal-9,normal,0.9787402153015137,0.728759765625,0.35595703125
run-20260923-234302-37300c,ratio-00.yaml,11,normal-0,normal,0.9311062693595886,0.743408203125,0.349853515625
run-20260923-234302-37300c,ratio-00.yaml,11,normal-1,normal,0.9311062693595886,0.743408203125,0.349853515625
run-20260923-234302-37300c,ratio-00.yaml,11,normal-2,normal,0.9311062693595886,0.743408203125,0.349853515625
run-20260923-234302-37300c,ratio-00.yaml,11,normal-3,normal,0.9311062693595886,0.743408203125,0.349853515625
run-20260923-234302-37300c,ratio-00.yaml,11,normal-4,normal,0.9311062693595886,0.743408203125,0.349853515625
run-20260923-234302-37300c,ratio-00.yaml,11,normal-5,normal,0.9311062693595886,0.743408203125,0.349853515625
run-20260923-234302-37300c,ratio-00.yaml,11,normal-6,normal,0.9311062693595886,0.743408203125,0.349853515625
run-20260923-234302-37300c,ratio-00.yaml,11,normal-7,normal,0.9311062693595886,0.743408203125,0.349853515625
run-20260923-234302-37300c,ratio-00.yaml,11,normal-8,normal,0.9311062693595886,0.743408203125,0.349853515625
run-20260923-234302-37300c,ratio-00.yaml,11,normal-9,normal,0.9311062693595886,0.743408203125,0.349853515625
run-20260923-234302-37300c,ratio-00.yaml,12,normal-0,normal,0.8850892782211304,0.755615234375,0.349609375
run-20260923-234302-37300c,ratio-00.yaml,12,normal-1,normal,0.8850892782211304,0.755615234375,0.349609375
run-20260923-234302-37300c,ratio-00.yaml,12,normal-2,normal,0.8850892782211304,0.755615234375,0.349609375
run-20260923-234302-37300c,ratio-00.yaml,12,normal-3,normal,0.8850892782211304,0.755615234375,0.349609375
run-20260923-234302-37300c,ratio-00.yaml,12,normal-4,normal,0.8850892782211304,0.755615234375,0.349609375
run-20260923-234302-37300c,ratio-00.yaml,12,normal-5,normal,0.8850892782211304,0.755615234375,0.349609375
run-20260923-234302-37300c,ratio-00.yaml,12,normal-6,normal,0.8850892782211304,0.755615234375,0.349609375
run-20260923-234302-37300c,ratio-00.yaml,12,normal-7,normal,0.8850892782211304,0.755615234375,0.349609375
run-20260923-234302-37300c,ratio-00.yaml,12,normal-8,normal,0.8850892782211304,0.755615234375,0.349609375
run-20260923-234302-37300c,ratio-00.yaml,12,normal-9,normal,0.8850892782211304,0.755615234375,0.349609375
run-20260923-234302-37300c,ratio-00.yaml,13,normal-0,normal,0.8404906988143921,0.7685546875,0.34423828125
run-20260923-234302-37300c,ratio-00.yaml,13,normal-1,normal,0.8404906988143921,0.7685546875,0.34423828125
run-20260923-234302-37300c,ratio-00.yaml,13,normal-2,normal,0.8404906988143921,0.7685546875,0.34423828125
run-20260923-234302-37300c,ratio-00.yaml,13,normal-3,normal,0.8404906988143921,0.7685546875,0.34423828125
run-20260923-234302-37300c,ratio-00.yaml,13,normal-4,normal,0.8404906988143921,0.7685546875,0.34423828125
run-20260923-234302-37300c,ratio-00.yaml,13,normal-5,normal,0.8404906988143921,0.7685546875,0.34423828125
run-20260923-234302-37300c,ratio-00.yaml,13,normal-6,normal,0.8404906988143921,0.7685546875,0.34423828125
run-20260923-234302-37300c,ratio-00.yaml,13,normal-7,normal,0.8404906988143921,0.7685546875,0.34423828125
run-20260923-234302-37300c,ratio-00.yaml,13,normal-8,normal,0.8404906988143921,0.7685546875,0.34423828125
run-20260923-234302-37300c,ratio-00.yaml,13,normal-9,normal,0.8404906988143921,0.7685546875,0.34423828125
run-20260923-234302-37300c,ratio-00.yaml,14,normal-0,normal,0.7972105145454407,0.781982421875,0.3388671875
run-20260923-234302-37300c,ratio-00.yaml,14,normal-1,normal,0.7972105145454407,0.781982421875,0.3388671875
run-20260923-234302-37300c,ratio-00.yaml,14,normal-2,normal,0.7972105145454407,0.781982421875,0.3388671875
run-20260923-234302-37300c,ratio-00.yaml,14,normal-3,normal,0.7972105145454407,0.781982421875,0.3388671875
run-20260923-234302-37300c,ratio-00.yaml,14,normal-4,normal,0.7972105145454407,0.781982421875,0.3388671875
run-20260923-234302-37300c,ratio-00.yaml,14,normal-5,normal,0.7972105145454407,0.781982421875,0.3388671875
run-20260923-234302-37300c,ratio-00.yaml,14,normal-6,normal,0.7972105145454407,0.781982421875,0.3388671875
run-20260923-234302-37300c,ratio-00.yaml,14,normal-7,normal,0.7972105145454407,0.781982421875,0.3388671875
run-20260923-234302-37300c,ratio-00.yaml,14,normal-8,normal,0.7972105145454407,0.781982421875,0.3388671875
run-20260923-234302-37300c,ratio-00.yaml,14,normal-9,normal,0.7972105145454407,0.781982421875,0.3388671875
run-20260923-234302-37300c,ratio-00.yaml,15,normal-0,normal,0.7553868889808655,0.79541015625,0.331787109375
run-20260923-234302-37300c,ratio-00.yaml,15,normal-1,normal,0.7553868889808655,0.79541015625,0.331787109375
run-20260923-234302-37300c,ratio-00.yaml,15,normal-2,normal,0.7553868889808655,0.79541015625,0.331787109375
run-20260923-234302-37300c,ratio-00.yaml,15,normal-3,normal,0.7553868889808655,0.79541015625,0.331787109375
run-20260923-234302-37300c,ratio-00.yaml,15,normal-4,normal,0.7553868889808655,0.79541015625,0.331787109375
run-20260923-234302-37300c,ratio-00.yaml,15,normal-5,normal,0.7553868889808655,0.79541015625,0.331787109375
run-20260923-234302-37300c,ratio-00.yaml,15,normal-6,normal,0.7553868889808655,0.79541015625,0.331787109375
run-20260923-234302-37300c,ratio-00.yaml,15,normal-7,normal,0.7553868889808655,0.79541015625,0.331787109375
run-20260923-234302-37300c,ratio-00.yaml,15,normal-8,normal,0.7553868889808655,0.79541015625,0.331787109375
run-20260923-234302-37300c,ratio-00.yaml,15,normal-9,normal,0.7553868889808655,0.79541015625,0.331787109375
run-20260923-234302-37300c,ratio-00.yaml,16,normal-0,normal,0.7150830030441284,0.812744140625,0.327392578125
run-20260923-234302-37300c,ratio-00.yaml,16,normal-1,normal,0.7150830030441284,0.812744140625,0.327392578125
run-20260923-234302-37300c,ratio-00.yaml,16,normal-2,normal,0.7150830030441284,0.812744140625,0.327392578125
run-20260923-234302-37300c,ratio-00.yaml,16,normal-3,normal,0.7150830030441284,0.812744140625,0.327392578125
run-20260923-234302-37300c,ratio-00.yaml,16,normal-4,normal,0.7150830030441284,0.812744140625,0.327392578125
run-20260923-234302-37300c,ratio-00.yaml,16,normal-5,normal,0.7150830030441284,0.812744140625,0.327392578125
run-20260923-234302-37300c,ratio-00.yaml,16,normal-6,normal,0.7150830030441284,0.812744140625,0.327392578125
run-20260923-234302-37300c,ratio-00.yaml,16,normal-7,normal,0.7150830030441284,0.812744140625,0.327392578125
run-20260923-234302-37300c,ratio-00.yaml,16,normal-8,normal,0.7150830030441284,0.812744140625,0.327392578125
run-20260923-234302-37300c,ratio-00.yaml,16,normal-9,normal,0.7150830030441284,0.812744140625,0.327392578125
run-20260923-234302-37300c,ratio-00.yaml,17,normal-0,normal,0.676498293876648,0.831787109375,0.322998046875
run-20260923-234302-37300c,ratio-00.yaml,17,normal-1,normal,0.676498293876648,0.831787109375,0.322998046875
run-20260923-234302-37300c,ratio-00.yaml,17,normal-2,normal,0.676498293876648,0.831787109375,0.322998046875
run-20260923-234302-37300c,ratio-00.yaml,17,normal-3,normal,0.676498293876648,0.831787109375,0.322998046875
run-20260923-234302-37300c,ratio-00.yaml,17,normal-4,normal,0.676498293876648,0.831787109375,0.322998046875
run-20260923-234302-37300c,ratio-00.yaml,17,normal-5,normal,0.676498293876648,0.831787109375,0.322998046875
run-20260923-234302-37300c,ratio-00.yaml,17,normal-6,normal,0.676498293876648,0.831787109375,0.322998046875
run-20260923-234302-37300c,ratio-00.yaml,17,normal-7,normal,0.676498293876648,0.831787109375,0.322998046875
run-20260923-234302-37300c,ratio-00.yaml,17,normal-8,normal,0.676498293876648,0.831787109375,0.322998046875
run-20260923-234302-37300c,ratio-00.yaml,17,normal-9,normal,0.676498293876648,0.831787109375,0.322998046875
run-20260923-234302-37300c,ratio-00.yaml,18,normal-0,normal,0.6398720741271973,0.85205078125,0.3154296875
run-20260923-234302-37300c,ratio-00.yaml,18,normal-1,normal,0.6398720741271973,0.85205078125,0.3154296875
run-20260923-234302-37300c,ratio-00.yaml,18,normal-2,normal,0.6398720741271973,0.85205078125,0.3154296875
run-20260923-234302-37300c,ratio-00.yaml,18,normal-3,normal,0.6398720741271973,0.85205078125,0.3154296875
run-20260923-234302-37300c,ratio-00.yaml,18,normal-4,normal,0.6398720741271973,0.85205078125,0.3154296875
run-20260923-234302-37300c,ratio-00.yaml,18,normal-5,normal,0.6398720741271973,0.85205078125,0.3154296875
run-20260923-234302-37300c,ratio-00.yaml,18,normal-6,normal,0.6398720741271973,0.85205078125,0.3154296875
run-20260923-234302-37300c,ratio-00.yaml,18,normal-7,normal,0.6398720741271973,0.85205078125,0.3154296875
run-20260923-234302-37300c,ratio-00.yaml,18,normal-8,normal,0.6398720741271973,0.85205078125,0.3154296875
run-20260923-234302-37300c,ratio-00.yaml,18,normal-9,normal,0.6398720741271973,0.85205078125,0.3154296875
run-20260923-234302-37300c,ratio-00.yaml,19,normal-0,normal,0.6051589250564575,0.8720703125,0.306396484375
run-20260923-234302-37300c,ratio-00.yaml,19,normal-1,normal,0.6051589250564575,0.8720703125,0.306396484375
run-20260923-234302-37300c,ratio-00.yaml,19,normal-2,normal,0.6051589250564575,0.8720703125,0.306396484375
run-20260923-234302-37300c,ratio-00.yaml,19,normal-3,normal,0.6051589250564575,0.8720703125,0.306396484375
run-20260923-234302-37300c,ratio-00.yaml,19,normal-4,normal,0.6051589250564575,0.8720703125,0.306396484375
run-20260923-234302-37300c,ratio-00.yaml,19,normal-5,normal,0.6051589250564575,0.8720703125,0.306396484375
run-20260923-234302-37300c,ratio-00.yaml,19,normal-6,normal,0.6051589250564575,0.8720703125,0.306396484375
run-20260923-234302-37300c,ratio-00.yaml,19,normal-7,normal,0.6051589250564575,0.8720703125,0.306396484375
run-20260923-234302-37300c,ratio-00.yaml,19,normal-8,normal,0.6051589250564575,0.8720703125,0.306396484375
run-20260923-234302-37300c,ratio-00.yaml,19,normal-9,normal,0.6051589250564575,0.8720703125,0.306396484375
run-20260923-234302-37300c,ratio-00.yaml,20,normal-0,normal,0.5723215341567993,0.887939453125,0.300048828125
run-20260923-234302-37300c,ratio-00.yaml,20,normal-1,normal,0.5723215341567993,0.887939453125,0.300048828125
run-20260923-234302-37300c,ratio-00.yaml,20,normal-2,normal,0.5723215341567993,0.887939453125,0.300048828125
run-20260923-234302-37300c,ratio-00.yaml,20,normal-3,normal,0.5723215341567993,0.887939453125,0.300048828125
run-20260923-234302-37300c,ratio-00.yaml,20,normal-4,normal,0.5723215341567993,0.887939453125,0.300048828125
run-20260923-234302-37300c,ratio-00.yaml,20,normal-5,normal,0.5723215341567993,0.887939453125,0.300048828125
run-20260923-234302-37300c,ratio-00.yaml,20,normal-6,normal,0.5723215341567993,0.887939453125,0.300048828125
run-20260923-234302-37300c,ratio-00.yaml,20,normal-7,normal,0.5723215341567993,0.887939453125,0.300048828125
run-20260923-234302-37300c,ratio-00.yaml,20,normal-8,normal,0.5723215341567993,0.887939453125,0.300048828125
run-20260923-234302-37300c,ratio-00.yaml,20,normal-9,normal,0.5723215341567993,0.887939453125,0.300048828125
run-20260923-234452-ffce81,ratio-01.yaml,0,adversarial-0,adversarial,1.4023325443267822,0.245849609375,0.3984375
run-20260923-234452-ffce81,ratio-01.yaml,0,normal-0,normal,1.4023325443267822,0.245849609375,0.3984375
run-20260923-234452-ffce81,ratio-01.yaml,0,normal-1,normal,1.4023325443267822,0.245849609375,0.3984375
run-20260923-234452-ffce81,ratio-01.yaml,0,normal-2,normal,1.4023325443267822,0.245849609375,0.3984375
run-20260923-234452-ffce81,ratio-01.yaml,0,normal-3,normal,1.4023325443267822,0.245849609375,0.3984375
run-20260923-234452-ffce81,ratio-01.yaml,0,normal-4,normal,1.4023325443267822,0.245849609375,0.3984375
run-20260923-234452-ffce81,ratio-01.yaml,0,normal-5,normal,1.4023325443267822,0.245849609375,0.3984375
run-20260923-234452-ffce81,ratio-01.yaml,0,normal-6,normal,1.4023325443267822,0.245849609375,0.3984375
run-20260923-234452-ffce81,ratio-01.yaml,0,normal-7,normal,1.4023325443267822,0.245849609375,0.3984375
run-20260923-234452-ffce81,ratio-01.yaml,0,normal-8,normal,1.4023325443267822,0.245849609375,0.3984375
run-20260923-234452-ffce81,ratio-01.yaml,1,adversarial-0,adversarial,1.391065239906311,0.249267578125,0.41259765625
run-20260923-234452-ffce81,ratio-01.yaml,1,normal-0,normal,1.391065239906311,0.249267578125,0.41259765625
run-20260923-234452-ffce81,ratio-01.yaml,1,normal-1,normal,1.391065239906311,0.249267578125,0.41259765625
run-20260923-234452-ffce81,ratio-01.yaml,1,normal-2,normal,1.391065239906311,0.249267578125,0.41259765625
run-20260923-234452-ffce81,ratio-01.yaml,1,normal-3,normal,1.391065239906311,0.249267578125,0.41259765625
run-20260923-234452-ffce81,ratio-01.yaml,1,normal-4,normal,1.391065239906311,0.249267578125,0.41259765625
run-20260923-234452-ffce81,ratio-01.yaml,1,normal-5,normal,1.391065239906311,0.249267578125,0.41259765625
run-20260923-234452-ffce81,ratio-01.yaml,1,normal-6,normal,1.391065239906311,0.249267578125,0.41259765625
run-20260923-234452-ffce81,ratio-01.yaml,1,normal-7,normal,1.391065239906311,0.249267578125,0.41259765625
run-20260923-234452-ffce81,ratio-01.yaml,1,normal-8,normal,1.391065239906311,0.249267578125,0.41259765625
run-20260923-234452-ffce81,ratio-01.yaml,2,adversarial-0,adversarial,1.3697203397750854,0.25537109375,0.427978515625
run-20260923-234452-ffce81,ratio-01.yaml,2,normal-0,normal,1.3697203397750854,0.25537109375,0.427978515625
run-20260923-234452-ffce81,ratio-01.yaml,2,normal-1,normal,1.3697203397750854,0.25537109375,0.427978515625
run-20260923-234452-ffce81,ratio-01.yaml,2,normal-2,normal,1.3697203397750854,0.25537109375,0.427978515625
run-20260923-234452-ffce81,ratio-01.yaml,2,normal-3,normal,1.3697203397750854,0.25537109375,0.427978515625
run-20260923-234452-ffce81,ratio-01.yaml,2,normal-4,normal,1.3697203397750854,0.25537109375,0.427978515625
run-20260923-234452-ffce81,ratio-01.yaml,2,normal-5,normal,1.3697203397750854,0.25537109375,0.427978515625
run-20260923-234452-ffce81,ratio-01.yaml,2,normal-6,normal,1.3697203397750854,0.25537109375,0.427978515625
run-20260923-234452-ffce81,ratio-01.yaml,2,normal-7,normal,1.3697203397750854,0.25537109375,0.427978515625
run-20260923-234452-ffce81,ratio-01.yaml,2,normal-8,normal,1.3697203397750854,0.25537109375,0.427978515625
run-20260923-234452-ffce81,ratio-01.yaml,3,adversarial-0,adversarial,1.34060800075531,0.26318359375,0.44873046875
run-20260923-234452-ffce81,ratio-01.yaml,3,normal-0,normal,1.34060800075531,0.26318359375,0.44873046875
run-20260923-234452-ffce81,ratio-01.yaml,3,normal-1,normal,1.34060800075531,0.26318359375,0.44873046875
run-20260923-234452-ffce81,ratio-01.yaml,3,normal-2,normal,1.34060800075531,0.26318359375,0.44873046875
run-20260923-234452-ffce81,ratio-01.yaml,3,normal-3,normal,1.34060800075531,0.26318359375,0.44873046875
run-20260923-234452-ffce81,ratio-01.yaml,3,normal-4,normal,1.34060800075531,0.26318359375,0.44873046875
run-20260923-234452-ffce81,ratio-01.yaml,3,normal-5,normal,1.34060800075531,0.26318359375,0.44873046875
run-20260923-234452-ffce81,ratio-01.yaml,3,normal-6,normal,1.34060800075531,0.26318359375,0.44873046875
run-20260923-234452-ffce81,ratio-01.yaml,3,normal-7,normal,1.34060800075531,0.26318359375,0.44873046875
run-20260923-234452-ffce81,ratio-01.yaml,3,normal-8,normal,1.34060800075531,0.26318359375,0.44873046875
run-20260923-234452-ffce81,ratio-01.yaml,4,adversarial-0,adversarial,1.3048936128616333,0.2724609375,0.47119140625
run-20260923-234452-ffce81,ratio-01.yaml,4,normal-0,normal,1.3048936128616333,0.2724609375,0.47119140625
run-20260923-234452-ffce81,ratio-01.yaml,4,normal-1,normal,1.3048936128616333,0.2724609375,0.47119140625
run-20260923-234452-ffce81,ratio-01.yaml,4,normal-2,normal,1.3048936128616333,0.2724609375,0.47119140625
run-20260923-234452-ffce81,ratio-01.yaml,4,normal-3,normal,1.3048936128616333,0.2724609375,0.47119140625
run-20260923-234452-ffce81,ratio-01.yaml,4,normal-4,normal,1.3048936128616333,0.2724609375,0.47119140625
run-20260923-234452-ffce81,ratio-01.yaml,4,normal-5,normal,1.3048936128616333,0.2724609375,0.47119140625
run-20260923-234452-ffce81,ratio-01.yaml,4,normal-6,normal,1.3048936128616333,0.2724609375,0.47119140625
run-20260923-234452-ffce81,ratio-01.yaml,4,normal-7,normal,1.3048936128616333,0.2724609375,0.47119140625
run-20260923-234452-ffce81,ratio-01.yaml,4,normal-8,normal,1.3048936128616333,0.2724609375,0.47119140625
run-20260923-234452-ffce81,ratio-01.yaml,5,adversarial-0,adversarial,1.264748454093933,0.39453125,0.3837890625
run-20260923-234452-ffce81,ratio-01.yaml,5,normal-0,normal,1.264748454093933,0.39453125,0.3837890625
run-20260923-234452-ffce81,ratio-01.yaml,5,normal-1,normal,1.264748454093933,0.39453125,0.3837890625
run-20260923-234452-ffce81,ratio-01.yaml,5,normal-2,normal,1.264748454093933,0.39453125,0.3837890625
run-20260923-234452-ffce81,ratio-01.yaml,5,normal-3,normal,1.264748454093933,0.39453125,0.3837890625
run-20260923-234452-ffce81,ratio-01.yaml,5,normal-4,normal,1.264748454093933,0.39453125,0.3837890625
run-20260923-234452-ffce81,ratio-01.yaml,5,normal-5,normal,1.264748454093933,0.39453125,0.3837890625
run-20260923-234452-ffce81,ratio-01.yaml,5,normal-6,normal,1.264748454093933,0.39453125,0.3837890625
run-20260923-234452-ffce81,ratio-01.yaml,5,normal-7,normal,1.264748454093933,0.39453125,0.3837890625
run-20260923-234452-ffce81,ratio-01.yaml,5,normal-8,normal,1.264748454093933,0.39453125,0.3837890625
run-20260923-234452-ffce81,ratio-01.yaml,6,adversarial-0,adversarial,1.221814513206482,0.45361328125,0.34375
run-20260923-234452-ffce81,ratio-01.yaml,6,normal-0,normal,1.221814513206482,0.45361328125,0.34375
run-20260923-234452-ffce81,ratio-01.yaml,6,normal-1,normal,1.221814513206482,0.45361328125,0.34375
run-20260923-234452-ffce81,ratio-01.yaml,6,normal-2,normal,1.221814513206482,0.45361328125,0.34375
run-20260923-234452-ffce81,ratio-01.yaml,6,normal-3,normal,1.221814513206482,0.45361328125,0.34375
run-20260923-234452-ffce81,ratio-01.yaml,6,normal-4,normal,1.221814513206482,0.45361328125,0.34375
run-20260923-234452-ffce81,ratio-01.yaml,6,normal-5,normal,1.221814513206482,0.45361328125,0.34375
run-20260923-234452-ffce81,ratio-01.yaml,6,normal-6,normal,1.221814513206482,0.45361328125,0.34375
run-20260923-234452-ffce81,ratio-01.yaml,6,normal-7,normal,1.221814513206482,0.45361328125,0.34375
run-20260923-234452-ffce81,ratio-01.yaml,6,normal-8,normal,1.221814513206482,0.45361328125,0.34375
run-20260923-234452-ffce81,ratio-01.yaml,7,adversarial-0,adversarial,1.1772226095199585,0.54931640625,0.31494140625
run-20260923-234452-ffce81,ratio-01.yaml,7,normal-0,normal,1.1772226095199585,0.54931640625,0.31494140625
run-20260923-234452-ffce81,ratio-01.yaml,7,normal-1,normal,1.1772226095199585,0.54931640625,0.31494140625
run-20260923-234452-ffce81,ratio-01.yaml,7,normal-2,normal,1.1772226095199585,0.54931640625,0.31494140625
run-20260923-234452-ffce81,ratio-01.yaml,7,normal-3,normal,1.1772226095199585,0.54931640625,0.31494140625
run-20260923-234452-ffce81,ratio-01.yaml,7,normal-4,normal,1.1772226095199585,0.54931640625,0.31494140625
run-20260923-234452-ffce81,ratio-01.yaml,7,normal-5,normal,1.1772226095199585,0.54931640625,0.31494140625
run-20260923-234452-ffce81,ratio-01.yaml,7,normal-6,normal,1.1772226095199585,0.54931640625,0.31494140625
run-20260923-234452-ffce81,ratio-01.yaml,7,normal-7,normal,1.1772226095199585,0.54931640625,0.31494140625
run-20260923-234452-ffce81,ratio-01.yaml,7,normal-8,normal,1.1772226095199585,0.54931640625,0.31494140625
run-20260923-234452-ffce81,ratio-01.yaml,8,adversarial-0,adversarial,1.1322519779205322,0.643798828125,0.3349609375
run-20260923-234452-ffce81,ratio-01.yaml,8,normal-0,normal,1.1322519779205322,0.643798828125,0.3349609375
run-20260923-234452-ffce81,ratio-01.yaml,8,normal-1,normal,1.1322519779205322,0.643798828125,0.3349609375
run-20260923-234452-ffce81,ratio-01.yaml,8,normal-2,normal,1.1322519779205322,0.643798828125,0.3349609375
run-20260923-234452-ffce81,ratio-01.yaml,8,normal-3,normal,1.1322519779205322,0.643798828125,0.3349609375
run-20260923-234452-ffce81,ratio-01.yaml,8,normal-4,normal,1.1322519779205322,0.643798828125,0.3349609375
run-20260923-234452-ffce81,ratio-01.yaml,8,normal-5,normal,1.1322519779205322,0.643798828125,0.3349609375
run-20260923-234452-ffce81,ratio-01.yaml,8,normal-6,normal,1.1322519779205322,0.643798828125,0.3349609375
run-20260923-234452-ffce81,ratio-01.yaml,8,normal-7,normal,1.1322519779205322,0.643798828125,0.3349609375
run-20260923-234452-ffce81,ratio-01.yaml,8,normal-8,normal,1.1322519779205322,0.643798828125,0.3349609375
run-20260923-234452-ffce81,ratio-01.yaml,9,adversarial-0,adversarial,1.087504267692566,0.711181640625,0.362548828125
run-20260923-234452-ffce81,ratio-01.yaml,9,normal-0,normal,1.087504267692566,0.711181640625,0.362548828125
run-20260923-234452-ffce81,ratio-01.yaml,9,normal-1,normal,1.087504267692566,0.711181640625,0.362548828125
run-20260923-234452-ffce81,ratio-01.yaml,9,normal-2,normal,1.087504267692566,0.711181640625,0.362548828125
run-20260923-234452-ffce81,ratio-01.yaml,9,normal-3,normal,1.087504267692566,0.711181640625,0.362548828125
run-20260923-234452-ffce81,ratio-01.yaml,9,normal-4,normal,1.087504267692566,0.711181640625,0.362548828125
run-20260923-234452-ffce81,ratio-01.yaml,9,normal-5,normal,1.087504267692566,0.711181640625,0.362548828125
run-20260923-234452-ffce81,ratio-01.yaml,9,normal-6,normal,1.087504267692566,0.711181640625,0.362548828125
run-20260923-234452-ffce81,ratio-01.yaml,9,normal-7,normal,1.087504267692566,0.711181640625,0.362548828125
run-20260923-234452-ffce81,ratio-01.yaml,9,normal-8,normal,1.087504267692566,0.711181640625,0.362548828125
run-20260923-234452-ffce81,ratio-01.yaml,10,adversarial-0,adversarial,1.04362154006958,0.72265625,0.3603515625
run-20260923-234452-ffce81,ratio-01.yaml,10,normal-0,normal,1.04362154006958,0.72265625,0.3603515625
run-20260923-234452-ffce81,ratio-01.yaml,10,normal-1,normal,1.04362154006958,0.72265625,0.3603515625
run-20260923-234452-ffce81,ratio-01.yaml,10,normal-2,normal,1.04362154006958,0.72265625,0.3603515625
run-20260923-234452-ffce81,ratio-01.yaml,10,normal-3,normal,1.04362154006958,0.72265625,0.3603515625
run-20260923-234452-ffce81,ratio-01.yaml,10,normal-4,normal,1.04362154006958,0.72265625,0.3603515625
run-20260923-234452-ffce81,ratio-01.yaml,10,normal-5,normal,1.04362154006958,0.72265625,0.3603515625
run-20260923-234452-ffce81,ratio-01.yaml,10,normal-6,normal,1.04362154006958,0.72265625,0.3603515625
run-20260923-234452-ffce81,ratio-01.yaml,10,normal-7,normal,1.04362154006958,0.72265625,0.3603515625
run-20260923-234452-ffce81,ratio-01.yaml,10,normal-8,normal,1.04362154006958,0.72265625,0.3603515625
run-20260923-234452-ffce81,ratio-01.yaml,11,adversarial-0,adversarial,1.0010299682617188,0.727294921875,0.353515625
run-20260923-234452-ffce81,ratio-01.yaml,11,normal-0,normal,1.0010299682617188,0.727294921875,0.353515625
run-20260923-234452-ffce81,ratio-01.yaml,11,normal-1,normal,1.0010299682617188,0.727294921875,0.353515625
run-20260923-234452-ffce81,ratio-01.yaml,11,normal-2,normal,1.0010299682617188,0.727294921875,0.353515625
run-20260923-234452-ffce81,ratio-01.yaml,11,normal-3,normal,1.0010299682617188,0.727294921875,0.353515625
run-20260923-234452-ffce81,ratio-01.yaml,11,normal-4,normal,1.0010299682617188,0.727294921875,0.353515625
run-20260923-234452-ffce81,ratio-01.yaml,11,normal-5,normal,1.0010299682617188,0.727294921875,0.353515625
run-20260923-234452-ffce81,ratio-01.yaml,11,normal-6,normal,1.0010299682617188,0.727294921875,0.353515625
run-20260923-234452-ffce81,ratio-01.yaml,11,normal-7,normal,1.0010299682617188,0.727294921875,0.353515625
run-20260923-234452-ffce81,ratio-01.yaml,11,normal-8,normal,1.0010299682617188,0.727294921875,0.353515625
run-20260923-234452-ffce81,ratio-01.yaml,12,adversarial-0,adversarial,0.9597434401512146,0.737548828125,0.35791015625
run-20260923-234452-ffce81,ratio-01.yaml,12,normal-0,normal,0.9597434401512146,0.737548828125,0.35791015625
run-20260923-234452-ffce81,ratio-01.yaml,12,normal-1,normal,0.9597434401512146,0.737548828125,0.35791015625
run-20260923-234452-ffce81,ratio-01.yaml,12,normal-2,normal,0.9597434401512146,0.737548828125,0.35791015625
run-20260923-234452-ffce81,ratio-01.yaml,12,normal-3,normal,0.9597434401512146,0.737548828125,0.35791015625
run-20260923-234452-ffce81,ratio-01.yaml,12,normal-4,normal,0.9597434401512146,0.737548828125,0.35791015625
run-20260923-234452-ffce81,ratio-01.yaml,12,normal-5,normal,0.9597434401512146,0.737548828125,0.35791015625
run-20260923-234452-ffce81,ratio-01.yaml,12,normal-6,normal,0.9597434401512146,0.737548828125,0.35791015625
run-20260923-234452-ffce81,ratio-01.yaml,12,normal-7,normal,0.9597434401512146,0.737548828125,0.35791015625
run-20260923-234452-ffce81,ratio-01.yaml,12,normal-8,normal,0.9597434401512146,0.737548828125,0.35791015625
run-20260923-234452-ffce81,ratio-01.yaml,13,adversarial-0,adversarial,0.9195405840873718,0.748291015625,0.3583984375
run-20260923-234452-ffce81,ratio-01.yaml,13,normal-0,normal,0.9195405840873718,0.748291015625,0.3583984375
run-20260923-234452-ffce81,ratio-01.yaml,13,normal-1,normal,0.9195405840873718,0.748291015625,0.3583984375
run-20260923-234452-ffce81,ratio-01.yaml,13,normal-2,normal,0.9195405840873718,0.748291015625,0.3583984375
run-20260923-234452-ffce81,ratio-01.yaml,13,normal-3,normal,0.9195405840873718,0.748291015625,0.3583984375
run-20260923-234452-ffce81,ratio-01.yaml,13,normal-4,normal,0.9195405840873718,0.748291015625,0.3583984375
run-20260923-234452-ffce81,ratio-01.yaml,13,normal-5,normal,0.9195405840873718,0.748291015625,0.3583984375
run-20260923-234452-ffce81,ratio-01.yaml,13,normal-6,normal,0.9195405840873718,0.748291015625,0.3583984375
run-20260923-234452-ffce81,ratio-01.yaml,13,normal-7,normal,0.9195405840873718,0.748291015625,0.3583984375
run-20260923-234452-ffce81,ratio-01.yaml,13,normal-8,normal,0.9195405840873718,0.748291015625,0.3583984375
run-20260923-234452-ffce81,ratio-01.yaml,14,adversarial-0,adversarial,0.8803622126579285,0.759033203125,0.357421875
run-20260923-234452-ffce81,ratio-01.yaml,14,normal-0,normal,0.8803622126579285,0.759033203125,0.357421875
run-20260923-234452-ffce81,ratio-01.yaml,14,normal-1,normal,0.8803622126579285,0.759033203125,0.357421875
run-20260923-234452-ffce81,ratio-01.yaml,14,normal-2,normal,0.8803622126579285,0.759033203125,0.357421875
run-20260923-234452-ffce81,ratio-01.yaml,14,normal-3,normal,0.8803622126579285,0.759033203125,0.357421875
run-20260923-234452-ffce81,ratio-01.yaml,14,normal-4,normal,0.8803622126579285,0.759033203125,0.357421875
run-20260923-234452-ffce81,ratio-01.yaml,14,normal-5,normal,0.8803622126579285,0.759033203125,0.357421875
run-20260923-234452-ffce81,ratio-01.yaml,14,normal-6,normal,0.8803622126579285,0.759033203125,0.357421875
run-20260923-234452-ffce81,ratio-01.yaml,14,normal-7,normal,0.8803622126579285,0.759033203125,0.357421875
run-20260923-234452-ffce81,ratio-01.yaml,14,normal-8,normal,0.8803622126579285,0.759033203125,0.357421875
run-20260923-234452-ffce81,ratio-01.yaml,15,adversarial-0,adversarial,0.8422545790672302,0.7724609375,0.351318359375
run-20260923-234452-ffce81,ratio-01.yaml,15,normal-0,normal,0.8422545790672302,0.7724609375,0.351318359375
run-20260923-234452-ffce81,ratio-01.yaml,15,normal-1,normal,0.8422545790672302,0.7724609375,0.351318359375
run-20260923-234452-ffce81,ratio-01.yaml,15,normal-2,normal,0.8422545790672302,0.7724609375,0.351318359375
run-20260923-234452-ffce81,ratio-01.yaml,15,normal-3,normal,0.8422545790672302,0.7724609375,0.351318359375
run-20260923-234452-ffce81,ratio-01.yaml,15,normal-4,normal,0.8422545790672302,0.7724609375,0.351318359375
run-20260923-234452-ffce81,ratio-01.yaml,15,normal-5,normal,0.8422545790672302,0.7724609375,0.351318359375
run-20260923-234452-ffce81,ratio-01.yaml,15,normal-6,normal,0.8422545790672302,0.7724609375,0.351318359375
run-20260923-234452-ffce81,ratio-01.yaml,15,normal-7,normal,0.8422545790672302,0.7724609375,0.351318359375
run-20260923-234452-ffce81,ratio-01.yaml,15,normal-8,normal,0.8422545790672302,0.7724609375,0.351318359375
run-20260923-234452-ffce81,ratio-01.yaml,16,adversarial-0,adversarial,0.805077314376831,0.7841796875,0.344970703125
run-20260923-234452-ffce81,ratio-01.yaml,16,normal-0,normal,0.805077314376831,0.7841796875,0.344970703125
run-20260923-234452-ffce81,ratio-01.yaml,16,normal-1,normal,0.805077314376831,0.7841796875,0.344970703125
run-20260923-234452-ffce81,ratio-01.yaml,16,normal-2,normal,0.805077314376831,0.7841796875,0.344970703125
run-20260923-234452-ffce81,ratio-01.yaml,16,normal-3,normal,0.805077314376831,0.7841796875,0.344970703125
run-20260923-234452-ffce81,ratio-01.yaml,16,normal-4,normal,0.805077314376831,0.7841796875,0.344970703125
run-20260923-234452-ffce81,ratio-01.yaml,16,normal-5,normal,0.805077314376831,0.7841796875,0.344970703125
run-20260923-234452-ffce81,ratio-01.yaml,16,normal-6,normal,0.805077314376831,0.7841796875,0.344970703125
run-20260923-234452-ffce81,ratio-01.yaml,16,normal-7,normal,0.805077314376831,0.7841796875,0.344970703125
run-20260923-234452-ffce81,ratio-01.yaml,16,normal-8,normal,0.805077314376831,0.7841796875,0.344970703125
run-20260923-234452-ffce81,ratio-01.yaml,17,adversarial-0,adversarial,0.7690268158912659,0.799072265625,0.3369140625
run-20260923-234452-ffce81,ratio-01.yaml,17,normal-0,normal,0.7690268158912659,0.799072265625,0.3369140625
run-20260923-234452-ffce81,ratio-01.yaml,17,normal-1,normal,0.7690268158912659,0.799072265625,0.3369140625
run-20260923-234452-ffce81,ratio-01.yaml,17,normal-2,normal,0.7690268158912659,0.799072265625,0.3369140625
run-20260923-234452-ffce81,ratio-01.yaml,17,normal-3,normal,0.7690268158912659,0.799072265625,0.3369140625
run-20260923-234452-ffce81,ratio-01.yaml,17,normal-4,normal,0.7690268158912659,0.799072265625,0.3369140625
run-20260923-234452-ffce81,ratio-01.yaml,17,normal-5,normal,0.7690268158912659,0.799072265625,0.3369140625
run-20260923-234452-ffce81,ratio-01.yaml,17,normal-6,normal,0.7690268158912659,0.799072265625,0.3369140625
run-20260923-234452-ffce81,ratio-01.yaml,17,normal-7,normal,0.7690268158912659,0.799072265625,0.3369140625
run-20260923-234452-ffce81,ratio-01.yaml,17,normal-8,normal,0.7690268158912659,0.799072265625,0.3369140625
run-20260923-234452-ffce81,ratio-01.yaml,18,adversarial-0,adversarial,0.7342684268951416,0.811279296875,0.32958984375
run-20260923-234452-ffce81,ratio-01.yaml,18,normal-0,normal,0.7342684268951416,0.811279296875,0.32958984375
run-20260923-234452-ffce81,ratio-01.yaml,18,normal-1,normal,0.7342684268951416,0.811279296875,0.32958984375
run-20260923-234452-ffce81,ratio-01.yaml,18,normal-2,normal,0.7342684268951416,0.811279296875,0.32958984375
run-20260923-234452-ffce81,ratio-01.yaml,18,normal-3,normal,0.7342684268951416,0.811279296875,0.32958984375
run-20260923-234452-ffce81,ratio-01.yaml,18,normal-4,normal,0.7342684268951416,0.811279296875,0.32958984375
run-20260923-234452-ffce81,ratio-01.yaml,18,normal-5,normal,0.7342684268951416,0.811279296875,0.32958984375
run-20260923-234452-ffce81,ratio-01.yaml,18,normal-6,normal,0.7342684268951416,0.811279296875,0.32958984375
run-20260923-234452-ffce81,ratio-01.yaml,18,normal-7,normal,0.7342684268951416,0.811279296875,0.32958984375
run-20260923-234452-ffce81,ratio-01.yaml,18,normal-8,normal,0.7342684268951416,0.811279296875,0.32958984375
run-20260923-234452-ffce81,ratio-01.yaml,19,adversarial-0,adversarial,0.7008039355278015,0.830078125,0.3212890625
run-20260923-234452-ffce81,ratio-01.yaml,19,normal-0,normal,0.7008039355278015,0.830078125,0.3212890625
run-20260923-234452-ffce81,ratio-01.yaml,19,normal-1,normal,0.7008039355278015,0.830078125,0.3212890625
run-20260923-234452-ffce81,ratio-01.yaml,19,normal-2,normal,0.7008039355278015,0.830078125,0.3212890625
run-20260923-234452-ffce81,ratio-01.yaml,19,normal-3,normal,0.7008039355278015,0.830078125,0.3212890625
run-20260923-234452-ffce81,ratio-01.yaml,19,normal-4,normal,0.7008039355278015,0.830078125,0.3212890625
run-20260923-234452-ffce81,ratio-01.yaml,19,normal-5,normal,0.7008039355278015,0.830078125,0.3212890625
run-20260923-234452-ffce81,ratio-01.yaml,19,normal-6,normal,0.7008039355278015,0.830078125,0.3212890625
run-20260923-234452-ffce81,ratio-01.yaml,19,normal-7,normal,0.7008039355278015,0.830078125,0.3212890625
run-20260923-234452-ffce81,ratio-01.yaml,19,normal-8,normal,0.7008039355278015,0.830078125,0.3212890625
run-20260923-234452-ffce81,ratio-01.yaml,20,adversarial-0,adversarial,0.6687697768211365,0.8515625,0.311767578125
run-20260923-234452-ffce81,ratio-01.yaml,20,normal-0,normal,0.6687697768211365,0.8515625,0.311767578125
run-20260923-234452-ffce81,ratio-01.yaml,20,normal-1,normal,0.6687697768211365,0.8515625,0.311767578125
run-20260923-234452-ffce81,ratio-01.yaml,20,normal-2,normal,0.6687697768211365,0.8515625,0.311767578125
run-20260923-234452-ffce81,ratio-01.yaml,20,normal-3,normal,0.6687697768211365,0.8515625,0.311767578125
run-20260923-234452-ffce81,ratio-01.yaml,20,normal-4,normal,0.6687697768211365,0.8515625,0.311767578125
run-20260923-234452-ffce81,ratio-01.yaml,20,normal-5,normal,0.6687697768211365,0.8515625,0.311767578125
run-20260923-234452-ffce81,ratio-01.yaml,20,normal-6,normal,0.6687697768211365,0.8515625,0.311767578125
run-20260923-234452-ffce81,ratio-01.yaml,20,normal-7,normal,0.6687697768211365,0.8515625,0.311767578125
run-20260923-234452-ffce81,ratio-01.yaml,20,normal-8,normal,0.6687697768211365,0.8515625,0.311767578125
run-20260923-234643-273ded,ratio-02.yaml,0,adversarial-0,adversarial,1.4023325443267822,0.245849609375,0.3984375
run-20260923-234643-273ded,ratio-02.yaml,0,adversarial-1,adversarial,1.4023325443267822,0.245849609375,0.3984375
run-20260923-234643-273ded,ratio-02.yaml,0,normal-0,normal,1.4023325443267822,0.245849609375,0.3984375
run-20260923-234643-273ded,ratio-02.yaml,0,normal-1,normal,1.4023325443267822,0.245849609375,0.3984375
run-20260923-234643-273ded,ratio-02.yaml,0,normal-2,normal,1.4023325443267822,0.245849609375,0.3984375
run-20260923-234643-273ded,ratio-02.yaml,0,normal-3,normal,1.4023325443267822,0.245849609375,0.3984375
run-20260923-234643-273ded,ratio-02.yaml,0,normal-4,normal,1.4023325443267822,0.245849609375,0.3984375
run-20260923-234643-273ded,ratio-02.yaml,0,normal-5,normal,1.4023325443267822,0.245849609375,0.3984375
run-20260923-234643-273ded,ratio-02.yaml,0,normal-6,normal,1.4023325443267822,0.245849609375,0.3984375
run-20260923-234643-273ded,ratio-02.yaml,0,normal-7,normal,1.4023325443267822,0.245849609375,0.3984375
run-20260923-234643-273ded,ratio-02.yaml,1,adversarial-0,adversarial,1.3932057619094849,0.249267578125,0.405029296875
run-20260923-234643-273ded,ratio-02.yaml,1,adversarial-1,adversarial,1.3932057619094849,0.249267578125,0.405029296875
run-20260923-234643-273ded,ratio-02.yaml,1,normal-0,normal,1.3932057619094849,0.249267578125,0.405029296875
run-20260923-234643-273ded,ratio-02.yaml,1,normal-1,normal,1.3932057619094849,0.249267578125,0.405029296875
run-20260923-234643-273ded,ratio-02.yaml,1,normal-2,normal,1.3932057619094849,0.249267578125,0.405029296875
run-20260923-234643-273ded,ratio-02.yaml,1,normal-3,normal,1.3932057619094849,0.249267578125,0.405029296875
run-20260923-234643-273ded,ratio-02.yaml,1,normal-4,normal,1.3932057619094849,0.249267578125,0.405029296875
run-20260923-234643-273ded,ratio-02.yaml,1,normal-5,normal,1.3932057619094849,0.249267578125,0.405029296875
run-20260923-234643-273ded,ratio-02.yaml,1,normal-6,normal,1.3932057619094849,0.249267578125,0.405029296875
run-20260923-234643-273ded,ratio-02.yaml,1,normal-7,normal,1.3932057619094849,0.249267578125,0.405029296875
run-20260923-234643-273ded,ratio-02.yaml,2,adversarial-0,adversarial,1.3763104677200317,0.254150390625,0.423583984375
run-20260923-234643-273ded,ratio-02.yaml,2,adversarial-1,adversarial,1.3763104677200317,0.254150390625,0.423583984375
run-20260923-234643-273ded,ratio-02.yaml,2,normal-0,normal,1.3763104677200317,0.254150390625,0.423583984375
run-20260923-234643-273ded,ratio-02.yaml,2,normal-1,normal,1.3763104677200317,0.254150390625,0.423583984375
run-20260923-234643-273ded,ratio-02.yaml,2,normal-2,normal,1.3763104677200317,0.254150390625,0.423583984375
run-20260923-234643-273ded,ratio-02.yaml,2,normal-3,normal,1.3763104677200317,0.254150390625,0.423583984375
run-20260923-234643-273ded,ratio-02.yaml,2,normal-4,normal,1.3763104677200317,0.254150390625,0.423583984375
run-20260923-234643-273ded,ratio-02.yaml,2,normal-5,normal,1.3763104677200317,0.254150390625,0.423583984375
run-20260923-234643-273ded,ratio-02.yaml,2,normal-6,normal,1.3763104677200317,0.254150390625,0.423583984375
run-20260923-234643-273ded,ratio-02.yaml,2,normal-7,normal,1.3763104677200317,0.254150390625,0.423583984375
run-20260923-234643-273ded,ratio-02.yaml,3,adversarial-0,adversarial,1.3536523580551147,0.26220703125,0.446044921875
run-20260923-234643-273ded,ratio-02.yaml,3,adversarial-1,adversarial,1.3536523580551147,0.26220703125,0.446044921875
run-20260923-234643-273ded,ratio-02.yaml,3,normal-0,normal,1.3536523580551147,0.26220703125,0.446044921875
run-20260923-234643-273ded,ratio-02.yaml,3,normal-1,normal,1.3536523580551147,0.26220703125,0.446044921875
run-20260923-234643-273ded,ratio-02.yaml,3,normal-2,normal,1.3536523580551147,0.26220703125,0.446044921875
run-20260923-234643-273ded,ratio-02.yaml,3,normal-3,normal,1.3536523580551147,0.26220703125,0.446044921875
run-20260923-234643-273ded,ratio-02.yaml,3,normal-4,normal,1.3536523580551147,0.26220703125,0.446044921875
run-20260923-234643-273ded,ratio-02.yaml,3,normal-5,normal,1.3536523580551147,0.26220703125,0.446044921875
run-20260923-234643-273ded,ratio-02.yaml,3,normal-6,normal,1.3536523580551147,0.26220703125,0.446044921875
run-20260923-234643-273ded,ratio-02.yaml,3,normal-7,normal,1.3536523580551147,0.26220703125,0.446044921875
run-20260923-234643-273ded,ratio-02.yaml,4,adversarial-0,adversarial,1.3260669708251953,0.268798828125,0.46630859375
run-20260923-234643-273ded,ratio-02.yaml,4,adversarial-1,adversarial,1.3260669708251953,0.268798828125,0.46630859375
run-20260923-234643-273ded,ratio-02.yaml,4,normal-0,normal,1.3260669708251953,0.268798828125,0.46630859375
run-20260923-234643-273ded,ratio-02.yaml,4,normal-1,normal,1.3260669708251953,0.268798828125,0.46630859375
run-20260923-234643-273ded,ratio-02.yaml,4,normal-2,normal,1.3260669708251953,0.268798828125,0.46630859375
run-20260923-234643-273ded,ratio-02.yaml,4,normal-3,normal,1.3260669708251953,0.268798828125,0.46630859375
run-20260923-234643-273ded,ratio-02.yaml,4,normal-4,normal,1.3260669708251953,0.268798828125,0.46630859375
run-20260923-234643-273ded,ratio-02.yaml,4,normal-5,normal,1.3260669708251953,0.268798828125,0.46630859375
run-20260923-234643-273ded,ratio-02.yaml,4,normal-6,normal,1.3260669708251953,0.268798828125,0.46630859375
run-20260923-234643-273ded,ratio-02.yaml,4,normal-7,normal,1.3260669708251953,0.268798828125,0.46630859375
run-20260923-234643-273ded,ratio-02.yaml,5,adversarial-0,adversarial,1.2949700355529785,0.27587890625,0.480712890625
run-20260923-234643-273ded,ratio-02.yaml,5,adversarial-1,adversarial,1.2949700355529785,0.27587890625,0.480712890625
run-20260923-234643-273ded,ratio-02.yaml,5,normal-0,normal,1.2949700355529785,0.27587890625,0.480712890625
run-20260923-234643-273ded,ratio-02.yaml,5,normal-1,normal,1.2949700355529785,0.27587890625,0.480712890625
run-20260923-234643-273ded,ratio-02.yaml,5,normal-2,normal,1.2949700355529785,0.27587890625,0.480712890625
run-20260923-234643-273ded,ratio-02.yaml,5,normal-3,normal,1.2949700355529785,0.27587890625,0.480712890625
run-20260923-234643-273ded,ratio-02.yaml,5,normal-4,normal,1.2949700355529785,0.27587890625,0.480712890625
run-20260923-234643-273ded,ratio-02.yaml,5,normal-5,normal,1.2949700355529785,0.27587890625,0.480712890625
run-20260923-234643-273ded,ratio-02.yaml,5,normal-6,normal,1.2949700355529785,0.27587890625,0.480712890625
run-20260923-234643-273ded,ratio-02.yaml,5,normal-7,normal,1.2949700355529785,0.27587890625,0.480712890625
run-20260923-234643-273ded,ratio-02.yaml,6,adversarial-0,adversarial,1.2610729932785034,0.406494140625,0.376708984375
run-20260923-234643-273ded,ratio-02.yaml,6,adversarial-1,adversarial,1.2610729932785034,0.406494140625,0.376708984375
run-20260923-234643-273ded,ratio-02.yaml,6,normal-0,normal,1.2610729932785034,0.406494140625,0.376708984375
run-20260923-234643-273ded,ratio-02.yaml,6,normal-1,normal,1.2610729932785034,0.406494140625,0.376708984375
run-20260923-234643-273ded,ratio-02.yaml,6,normal-2,normal,1.2610729932785034,0.406494140625,0.376708984375
run-20260923-234643-273ded,ratio-02.yaml,6,normal-3,normal,1.2610729932785034,0.406494140625,0.376708984375
run-20260923-234643-273ded,ratio-02.yaml,6,normal-4,normal,1.2610729932785034,0.406494140625,0.376708984375
run-20260923-234643-273ded,ratio-02.yaml,6,normal-5,normal,1.2610729932785034,0.406494140625,0.376708984375
run-20260923-234643-273ded,ratio-02.yaml,6,normal-6,normal,1.2610729932785034,0.406494140625,0.376708984375
run-20260923-234643-273ded,ratio-02.yaml,6,normal-7,normal,1.2610729932785034,0.406494140625,0.376708984375
run-20260923-234643-273ded,ratio-02.yaml,7,adversarial-0,adversarial,1.2253596782684326,0.456787109375,0.34375
run-20260923-234643-273ded,ratio-02.yaml,7,adversarial-1,adversarial,1.2253597974777222,0.456787109375,0.34375
run-20260923-234643-273ded,ratio-02.yaml,7,normal-0,normal,1.2253596782684326,0.456787109375,0.34375
run-20260923-234643-273ded,ratio-02.yaml,7,normal-1,normal,1.2253596782684326,0.456787109375,0.34375
run-20260923-234643-273ded,ratio-02.yaml,7,normal-2,normal,1.2253596782684326,0.456787109375,0.34375
run-20260923-234643-273ded,ratio-02.yaml,7,normal-3,normal,1.2253596782684326,0.456787109375,0.34375
run-20260923-234643-273ded,ratio-02.yaml,7,normal-4,normal,1.2253596782684326,0.456787109375,0.34375
run-20260923-234643-273ded,ratio-02.yaml,7,normal-5,normal,1.2253596782684326,0.456787109375,0.34375
run-20260923-234643-273ded,ratio-02.yaml,7,normal-6,normal,1.2253597974777222,0.456787109375,0.34375
run-20260923-234643-273ded,ratio-02.yaml,7,normal-7,normal,1.2253596782684326,0.456787109375,0.34375
run-20260923-234643-273ded,ratio-02.yaml,8,adversarial-0,adversarial,1.1889140605926514,0.528564453125,0.318603515625
run-20260923-234643-273ded,ratio-02.yaml,8,adversarial-1,adversarial,1.188914179801941,0.528564453125,0.318603515625
run-20260923-234643-273ded,ratio-02.yaml,8,normal-0,normal,1.1889140605926514,0.528564453125,0.318603515625
run-20260923-234643-273ded,ratio-02.yaml,8,normal-1,normal,1.1889140605926514,0.528564453125,0.318603515625
run-20260923-234643-273ded,ratio-02.yaml,8,normal-2,normal,1.1889140605926514,0.528564453125,0.318603515625
run-20260923-234643-273ded,ratio-02.yaml,8,normal-3,normal,1.1889140605926514,0.528564453125,0.318603515625
run-20260923-234643-273ded,ratio-02.yaml,8,normal-4,normal,1.1889140605926514,0.528564453125,0.318603515625
run-20260923-234643-273ded,ratio-02.yaml,8,normal-5,normal,1.1889140605926514,0.528564453125,0.318603515625
run-20260923-234643-273ded,ratio-02.yaml,8,normal-6,normal,1.1889140605926514,0.528564453125,0.318603515625
run-20260923-234643-273ded,ratio-02.yaml,8,normal-7,normal,1.1889140605926514,0.528564453125,0.318603515625
run-20260923-234643-273ded,ratio-02.yaml,9,adversarial-0,adversarial,1.1521486043930054,0.60302734375,0.298583984375
run-20260923-234643-273ded,ratio-02.yaml,9,adversarial-1,adversarial,1.1521486043930054,0.60302734375,0.298583984375
run-20260923-234643-273ded,ratio-02.yaml,9,normal-0,normal,1.1521486043930054,0.60302734375,0.298583984375
run-20260923-234643-273ded,ratio-02.yaml,9,normal-1,normal,1.1521486043930054,0.60302734375,0.298583984375
run-20260923-234643-273ded,ratio-02.yaml,9,normal-2,normal,1.1521486043930054,0.60302734375,0.298583984375
run-20260923-234643-273ded,ratio-02.yaml,9,normal-3,normal,1.1521486043930054,0.60302734375,0.298583984375
run-20260923-234643-273ded,ratio-02.yaml,9,normal-4,normal,1.1521486043930054,0.60302734375,0.298583984375
run-20260923-234643-273ded,ratio-02.yaml,9,normal-5,normal,1.1521486043930054,0.60302734375,0.298583984375
run-20260923-234643-273ded,ratio-02.yaml,9,normal-6,normal,1.1521486043930054,0.60302734375,0.298583984375
run-20260923-234643-273ded,ratio-02.yaml,9,normal-7,normal,1.1521486043930054,0.60302734375,0.298583984375
run-20260923-234643-273ded,ratio-02.yaml,10,adversarial-0,adversarial,1.115443468093872,0.67333984375,0.3349609375
run-20260923-234643-273ded,ratio-02.yaml,10,adversarial-1,adversarial,1.115443468093872,0.67333984375,0.3349609375
run-20260923-234643-273ded,ratio-02.yaml,10,normal-0,normal,1.115443468093872,0.67333984375,0.3349609375
run-20260923-234643-273ded,ratio-02.yaml,10,normal-1,normal,1.115443468093872,0.67333984375,0.3349609375
run-20260923-234643-273ded,ratio-02.yaml,10,normal-2,normal,1.115443468093872,0.67333984375,0.3349609375
run-20260923-234643-273ded,ratio-02.yaml,10,normal-3,normal,1.115443468093872,0.67333984375,0.3349609375
run-20260923-234643-273ded,ratio-02.yaml,10,normal-4,normal,1.115443468093872,0.67333984375,0.3349609375
run-20260923-234643-273ded,ratio-02.yaml,10,normal-5,normal,1.115443468093872,0.67333984375,0.3349609375
run-20260923-234643-273ded,ratio-02.yaml,10,normal-6,normal,1.115443468093872,0.67333984375,0.3349609375
run-20260923-234643-273ded,ratio-02.yaml,10,normal-7,normal,1.115443468093872,0.67333984375,0.3349609375
run-20260923-234643-273ded,ratio-02.yaml,11,adversarial-0,adversarial,1.0788296461105347,0.7158203125,0.36181640625
run-20260923-234643-273ded,ratio-02.yaml,11,adversarial-1,adversarial,1.0788296461105347,0.7158203125,0.36181640625
run-20260923-234643-273ded,ratio-02.yaml,11,normal-0,normal,1.0788296461105347,0.7158203125,0.36181640625
run-20260923-234643-273ded,ratio-02.yaml,11,normal-1,normal,1.0788296461105347,0.7158203125,0.36181640625
run-20260923-234643-273ded,ratio-02.yaml,11,normal-2,normal,1.0788296461105347,0.7158203125,0.36181640625
run-20260923-234643-273ded,ratio-02.yaml,11,normal-3,normal,1.0788296461105347,0.7158203125,0.36181640625
run-20260923-234643-273ded,ratio-02.yaml,11,normal-4,normal,1.0788296461105347,0.7158203125,0.36181640625
run-20260923-234643-273ded,ratio-02.yaml,11,normal-5,normal,1.0788296461105347,0.7158203125,0.36181640625
run-20260923-234643-273ded,ratio-02.yaml,11,normal-6,normal,1.0788296461105347,0.7158203125,0.36181640625
run-20260923-234643-273ded,ratio-02.yaml,11,normal-7,normal,1.0788296461105347,0.7158203125,0.36181640625
run-20260923-234643-273ded,ratio-02.yaml,12,adversarial-0,adversarial,1.0427334308624268,0.726806640625,0.35888671875
run-20260923-234643-273ded,ratio-02.yaml,12,adversarial-1,adversarial,1.0427334308624268,0.726806640625,0.35888671875
run-20260923-234643-273ded,ratio-02.yaml,12,normal-0,normal,1.0427334308624268,0.726806640625,0.35888671875
run-20260923-234643-273ded,ratio-02.yaml,12,normal-1,normal,1.0427334308624268,0.726806640625,0.35888671875
run-20260923-234643-273ded,ratio-02.yaml,12,normal-2,normal,1.0427334308624268,0.726806640625,0.35888671875
run-20260923-234643-273ded,ratio-02.yaml,12,normal-3,normal,1.0427334308624268,0.726806640625,0.35888671875
run-20260923-234643-273ded,ratio-02.yaml,12,normal-4,normal,1.0427334308624268,0.726806640625,0.35888671875
run-20260923-234643-273ded,ratio-02.yaml,12,normal-5,normal,1.0427334308624268,0.726806640625,0.35888671875
run-20260923-234643-273ded,ratio-02.yaml,12,normal-6,normal,1.0427334308624268,0.726806640625,0.35888671875
run-20260923-234643-273ded,ratio-02.yaml,12,normal-7,normal,1.0427334308624268,0.726806640625,0.35888671875
run-20260923-234643-273ded,ratio-02.yaml,13,adversarial-0,adversarial,1.0075887441635132,0.73193359375,0.353515625
run-20260923-234643-273ded,ratio-02.yaml,13,adversarial-1,adversarial,1.0075887441635132,0.73193359375,0.353515625
run-20260923-234643-273ded,ratio-02.yaml,13,normal-0,normal,1.0075887441635132,0.73193359375,0.353515625
run-20260923-234643-273ded,ratio-02.yaml,13,normal-1,normal,1.0075887441635132,0.73193359375,0.353515625
run-20260923-234643-273ded,ratio-02.yaml,13,normal-2,normal,1.0075887441635132,0.73193359375,0.353515625
run-20260923-234643-273ded,ratio-02.yaml,13,normal-3,normal,1.0075887441635132,0.73193359375,0.353515625
run-20260923-234643-273ded,ratio-02.yaml,13,normal-4,normal,1.0075887441635132,0.73193359375,0.353515625
run-20260923-234643-273ded,ratio-02.yaml,13,normal-5,normal,1.0075887441635132,0.73193359375,0.353515625
run-20260923-234643-273ded,ratio-02.yaml,13,normal-6,normal,1.0075887441635132,0.73193359375,0.353515625
run-20260923-234643-273ded,ratio-02.yaml,13,normal-7,normal,1.0075887441635132,0.73193359375,0.353515625
run-20260923-234643-273ded,ratio-02.yaml,14,adversarial-0,adversarial,0.9733073115348816,0.744384765625,0.349853515625
run-20260923-234643-273ded,ratio-02.yaml,14,adversarial-1,adversarial,0.9733073115348816,0.744384765625,0.349853515625
run-20260923-234643-273ded,ratio-02.yaml,14,normal-0,normal,0.9733073115348816,0.744384765625,0.349853515625
run-20260923-234643-273ded,ratio-02.yaml,14,normal-1,normal,0.9733073115348816,0.744384765625,0.349853515625
run-20260923-234643-273ded,ratio-02.yaml,14,normal-2,normal,0.9733073115348816,0.744384765625,0.349853515625
run-20260923-234643-273ded,ratio-02.yaml,14,normal-3,normal,0.9733073115348816,0.744384765625,0.349853515625
run-20260923-234643-273ded,ratio-02.yaml,14,normal-4,normal,0.9733073115348816,0.744384765625,0.349853515625
run-20260923-234643-273ded,ratio-02.yaml,14,normal-5,normal,0.9733073115348816,0.744384765625,0.349853515625
run-20260923-234643-273ded,ratio-02.yaml,14,normal-6,normal,0.9733073115348816,0.744384765625,0.349853515625
run-20260923-234643-273ded,ratio-02.yaml,14,normal-7,normal,0.9733073115348816,0.744384765625,0.349853515625
run-20260923-234643-273ded,ratio-02.yaml,15,adversarial-0,adversarial,0.9396501779556274,0.7548828125,0.3486328125
run-20260923-234643-273ded,ratio-02.yaml,15,adversarial-1,adversarial,0.9396501779556274,0.7548828125,0.3486328125
run-20260923-234643-273ded,ratio-02.yaml,15,normal-0,normal,0.9396501779556274,0.7548828125,0.3486328125
run-20260923-234643-273ded,ratio-02.yaml,15,normal-1,normal,0.9396501779556274,0.7548828125,0.3486328125
run-20260923-234643-273ded,ratio-02.yaml,15,normal-2,normal,0.9396501779556274,0.7548828125,0.3486328125
run-20260923-234643-273ded,ratio-02.yaml,15,normal-3,normal,0.9396501779556274,0.7548828125,0.3486328125
run-20260923-234643-273ded,ratio-02.yaml,15,normal-4,normal,0.9396501779556274,0.7548828125,0.3486328125
run-20260923-234643-273ded,ratio-02.yaml,15,normal-5,normal,0.9396501779556274,0.7548828125,0.3486328125
run-20260923-234643-273ded,ratio-02.yaml,15,normal-6,normal,0.9396501779556274,0.7548828125,0.3486328125
run-20260923-234643-273ded,ratio-02.yaml,15,normal-7,normal,0.9396501779556274,0.7548828125,0.3486328125
run-20260923-234643-273ded,ratio-02.yaml,16,adversarial-0,adversarial,0.9065614938735962,0.763671875,0.346435546875
run-20260923-234643-273ded,ratio-02.yaml,16,adversarial-1,adversarial,0.9065614938735962,0.763671875,0.346435546875
run-20260923-234643-273ded,ratio-02.yaml,16,normal-0,normal,0.9065614938735962,0.763671875,0.346435546875
run-20260923-234643-273ded,ratio-02.yaml,16,normal-1,normal,0.9065614938735962,0.763671875,0.346435546875
run-20260923-234643-273ded,ratio-02.yaml,16,normal-2,normal,0.9065614938735962,0.763671875,0.346435546875
run-20260923-234643-273ded,ratio-02.yaml,16,normal-3,normal,0.9065614938735962,0.763671875,0.346435546875
run-20260923-234643-273ded,ratio-02.yaml,16,normal-4,normal,0.9065614938735962,0.763671875,0.346435546875
run-20260923-234643-273ded,ratio-02.yaml,16,normal-5,normal,0.9065614938735962,0.763671875,0.346435546875
run-20260923-234643-273ded,ratio-02.yaml,16,normal-6,normal,0.9065614938735962,0.763671875,0.346435546875
run-20260923-234643-273ded,ratio-02.yaml,16,normal-7,normal,0.9065614938735962,0.763671875,0.346435546875
run-20260923-234643-273ded,ratio-02.yaml,17,adversarial-0,adversarial,0.8743146061897278,0.77392578125,0.34033203125
run-20260923-234643-273ded,ratio-02.yaml,17,adversarial-1,adversarial,0.8743146061897278,0.77392578125,0.34033203125
run-20260923-234643-273ded,ratio-02.yaml,17,normal-0,normal,0.8743146061897278,0.77392578125,0.34033203125
run-20260923-234643-273ded,ratio-02.yaml,17,normal-1,normal,0.8743146061897278,0.77392578125,0.34033203125
run-20260923-234643-273ded,ratio-02.yaml,17,normal-2,normal,0.8743146061897278,0.77392578125,0.34033203125
run-20260923-234643-273ded,ratio-02.yaml,17,normal-3,normal,0.8743146061897278,0.77392578125,0.34033203125
run-20260923-234643-273ded,ratio-02.yaml,17,normal-4,normal,0.8743146061897278,0.77392578125,0.34033203125
run-20260923-234643-273ded,ratio-02.yaml,17,normal-5,normal,0.8743146061897278,0.77392578125,0.34033203125
run-20260923-234643-273ded,ratio-02.yaml,17,normal-6,normal,0.8743146061897278,0.77392578125,0.34033203125
run-20260923-234643-273ded,ratio-02.yaml,17,normal-7,normal,0.8743146061897278,0.77392578125,0.34033203125
run-20260923-234643-273ded,ratio-02.yaml,18,adversarial-0,adversarial,0.8430113196372986,0.7841796875,0.3349609375
run-20260923-234643-273ded,ratio-02.yaml,18,adversarial-1,adversarial,0.8430113196372986,0.7841796875,0.3349609375
run-20260923-234643-273ded,ratio-02.yaml,18,normal-0,normal,0.8430113196372986,0.7841796875,0.3349609375
run-20260923-234643-273ded,ratio-02.yaml,18,normal-1,normal,0.8430113196372986,0.7841796875,0.3349609375
run-20260923-234643-273ded,ratio-02.yaml,18,normal-2,normal,0.8430113196372986,0.7841796875,0.3349609375
run-20260923-234643-273ded,ratio-02.yaml,18,normal-3,normal,0.8430113196372986,0.7841796875,0.3349609375
run-20260923-234643-273ded,ratio-02.yaml,18,normal-4,normal,0.8430113196372986,0.7841796875,0.3349609375
run-20260923-234643-273ded,ratio-02.yaml,18,normal-5,normal,0.8430113196372986,0.7841796875,0.3349609375
run-20260923-234643-273ded,ratio-02.yaml,18,normal-6,normal,0.8430113196372986,0.7841796875,0.3349609375
run-20260923-234643-273ded,ratio-02.yaml,18,normal-7,normal,0.8430113196372986,0.7841796875,0.3349609375
run-20260923-234643-273ded,ratio-02.yaml,19,adversarial-0,adversarial,0.8127695918083191,0.795654296875,0.331298828125
run-20260923-234643-273ded,ratio-02.yaml,19,adversarial-1,adversarial,0.8127695918083191,0.795654296875,0.331298828125
run-20260923-234643-273ded,ratio-02.yaml,19,normal-0,normal,0.8127695918083191,0.795654296875,0.331298828125
run-20260923-234643-273ded,ratio-02.yaml,19,normal-1,normal,0.8127695918083191,0.795654296875,0.331298828125
run-20260923-234643-273ded,ratio-02.yaml,19,normal-2,normal,0.8127695918083191,0.795654296875,0.331298828125
run-20260923-234643-273ded,ratio-02.yaml,19,normal-3,normal,0.8127695918083191,0.795654296875,0.331298828125
run-20260923-234643-273ded,ratio-02.yaml,19,normal-4,normal,0.8127695918083191,0.795654296875,0.331298828125
run-20260923-234643-273ded,ratio-02.yaml,19,normal-5,normal,0.8127695918083191,0.795654296875,0.331298828125
run-20260923-234643-273ded,ratio-02.yaml,19,normal-6,normal,0.8127695918083191,0.795654296875,0.331298828125
run-20260923-234643-273ded,ratio-02.yaml,19,normal-7,normal,0.8127695918083191,0.795654296875,0.331298828125
run-20260923-234643-273ded,ratio-02.yaml,20,adversarial-0,adversarial,0.7835044264793396,0.80712890625,0.3271484375
run-20260923-234643-273ded,ratio-02.yaml,20,adversarial-1,adversarial,0.7835044264793396,0.80712890625,0.3271484375
run-20260923-234643-273ded,ratio-02.yaml,20,normal-0,normal,0.7835044264793396,0.80712890625,0.3271484375
run-20260923-234643-273ded,ratio-02.yaml,20,normal-1,normal,0.7835044264793396,0.80712890625,0.3271484375
run-20260923-234643-273ded,ratio-02.yaml,20,normal-2,normal,0.7835044264793396,0.80712890625,0.3271484375
run-20260923-234643-273ded,ratio-02.yaml,20,normal-3,normal,0.7835044264793396,0.80712890625,0.3271484375
run-20260923-234643-273ded,ratio-02.yaml,20,normal-4,normal,0.7835044264793396,0.80712890625,0.3271484375
run-20260923-234643-273ded,ratio-02.yaml,20,normal-5,normal,0.7835044264793396,0.80712890625,0.3271484375
run-20260923-234643-273ded,ratio-02.yaml,20,normal-6,normal,0.7835044264793396,0.80712890625,0.3271484375
run-20260923-234643-273ded,ratio-02.yaml,20,normal-7,normal,0.7835044264793396,0.80712890625,0.3271484375
run-20260923-234833-44d42d,ratio-03.yaml,0,adversarial-0,adversarial,1.4023325443267822,0.245849609375,0.3984375
run-20260923-234833-44d42d,ratio-03.yaml,0,adversarial-1,adversarial,1.4023325443267822,0.245849609375,0.3984375
run-20260923-234833-44d42d,ratio-03.yaml,0,adversarial-2,adversarial,1.4023325443267822,0.245849609375,0.3984375
run-20260923-234833-44d42d,ratio-03.yaml,0,normal-0,normal,1.4023325443267822,0.245849609375,0.3984375
run-20260923-234833-44d42d,ratio-03.yaml,0,normal-1,normal,1.4023325443267822,0.245849609375,0.3984375
run-20260923-234833-44d42d,ratio-03.yaml,0,normal-2,normal,1.4023325443267822,0.245849609375,0.3984375
run-20260923-234833-44d42d,ratio-03.yaml,0,normal-3,normal,1.4023325443267822,0.245849609375,0.3984375
run-20260923-234833-44d42d,ratio-03.yaml,0,normal-4,normal,1.4023325443267822,0.245849609375,0.3984375
run-20260923-234833-44d42d,ratio-03.yaml,0,normal-5,normal,1.4023325443267822,0.245849609375,0.3984375
run-20260923-234833-44d42d,ratio-03.yaml,0,normal-6,normal,1.4023325443267822,0.245849609375,0.3984375
run-20260923-234833-44d42d,ratio-03.yaml,1,adversarial-0,adversarial,1.3974733352661133,0.244873046875,0.407958984375
run-20260923-234833-44d42d,ratio-03.yaml,1,adversarial-1,adversarial,1.3974733352661133,0.244873046875,0.407958984375
run-20260923-234833-44d42d,ratio-03.yaml,1,adversarial-2,adversarial,1.3974733352661133,0.244873046875,0.407958984375
run-20260923-234833-44d42d,ratio-03.yaml,1,normal-0,normal,1.3974733352661133,0.244873046875,0.407958984375
run-20260923-234833-44d42d,ratio-03.yaml,1,normal-1,normal,1.3974733352661133,0.244873046875,0.407958984375
run-20260923-234833-44d42d,ratio-03.yaml,1,normal-2,normal,1.3974733352661133,0.244873046875,0.407958984375
run-20260923-234833-44d42d,ratio-03.yaml,1,normal-3,normal,1.3974733352661133,0.244873046875,0.407958984375
run-20260923-234833-44d42d,ratio-03.yaml,1,normal-4,normal,1.3974733352661133,0.244873046875,0.407958984375
run-20260923-234833-44d42d,ratio-03.yaml,1,normal-5,normal,1.3974733352661133,0.244873046875,0.407958984375
run-20260923-234833-44d42d,ratio-03.yaml,1,normal-6,normal,1.3974733352661133,0.244873046875,0.407958984375
run-20260923-234833-44d42d,ratio-03.yaml,2,adversarial-0,adversarial,1.3873423337936401,0.248046875,0.42138671875
run-20260923-234833-44d42d,ratio-03.yaml,2,adversarial-1,adversarial,1.3873423337936401,0.248046875,0.42138671875
run-20260923-234833-44d42d,ratio-03.yaml,2,adversarial-2,adversarial,1.3873423337936401,0.248046875,0.42138671875
run-20260923-234833-44d42d,ratio-03.yaml,2,normal-0,normal,1.3873423337936401,0.248046875,0.42138671875
run-20260923-234833-44d42d,ratio-03.yaml,2,normal-1,normal,1.3873423337936401,0.248046875,0.42138671875
run-20260923-234833-44d42d,ratio-03.yaml,2,normal-2,normal,1.3873423337936401,0.248046875,0.42138671875
run-20260923-234833-44d42d,ratio-03.yaml,2,normal-3,normal,1.3873423337936401,0.248046875,0.42138671875
run-20260923-234833-44d42d,ratio-03.yaml,2,normal-4,normal,1.3873423337936401,0.248046875,0.42138671875
run-20260923-234833-44d42d,ratio-03.yaml,2,normal-5,normal,1.3873423337936401,0.248046875,0.42138671875
run-20260923-234833-44d42d,ratio-03.yaml,2,normal-6,normal,1.3873423337936401,0.248046875,0.42138671875
run-20260923-234833-44d42d,ratio-03.yaml,3,adversarial-0,adversarial,1.3732326030731201,0.254638671875,0.43701171875
run-20260923-234833-44d42d,ratio-03.yaml,3,adversarial-1,adversarial,1.3732326030731201,0.254638671875,0.43701171875
run-20260923-234833-44d42d,ratio-03.yaml,3,adversarial-2,adversarial,1.3732326030731201,0.254638671875,0.43701171875
run-20260923-234833-44d42d,ratio-03.yaml,3,normal-0,normal,1.3732326030731201,0.254638671875,0.43701171875
run-20260923-234833-44d42d,ratio-03.yaml,3,normal-1,normal,1.3732326030731201,0.254638671875,0.43701171875
run-20260923-234833-44d42d,ratio-03.yaml,3,normal-2,normal,1.3732326030731201,0.254638671875,0.43701171875
run-20260923-234833-44d42d,ratio-03.yaml,3,normal-3,normal,1.3732326030731201,0.254638671875,0.43701171875
run-20260923-234833-44d42d,ratio-03.yaml,3,normal-4,normal,1.3732326030731201,0.254638671875,0.43701171875
run-20260923-234833-44d42d,ratio-03.yaml,3,normal-5,normal,1.3732326030731201,0.254638671875,0.43701171875
run-20260923-234833-44d42d,ratio-03.yaml,3,normal-6,normal,1.3732326030731201,0.254638671875,0.43701171875
run-20260923-234833-44d42d,ratio-03.yaml,4,adversarial-0,adversarial,1.3554731607437134,0.26171875,0.451171875
run-20260923-234833-44d42d,ratio-03.yaml,4,adversarial-1,adversarial,1.3554731607437134,0.26171875,0.451171875
run-20260923-234833-44d42d,ratio-03.yaml,4,adversarial-2,adversarial,1.3554731607437134,0.26171875,0.451171875
run-20260923-234833-44d42d,ratio-03.yaml,4,normal-0,normal,1.3554731607437134,0.26171875,0.451171875
run-20260923-234833-44d42d,ratio-03.yaml,4,normal-1,normal,1.3554731607437134,0.26171875,0.451171875
run-20260923-234833-44d42d,ratio-03.yaml,4,normal-2,normal,1.3554731607437134,0.26171875,0.451171875
run-20260923-234833-44d42d,ratio-03.yaml,4,normal-3,normal,1.3554731607437134,0.26171875,0.451171875
run-20260923-234833-44d42d,ratio-03.yaml,4,normal-4,normal,1.3554731607437134,0.26171875,0.451171875
run-20260923-234833-44d42d,ratio-03.yaml,4,normal-5,normal,1.3554731607437134,0.26171875,0.451171875
run-20260923-234833-44d42d,ratio-03.yaml,4,normal-6,normal,1.3554731607437134,0.26171875,0.451171875
run-20260923-234833-44d42d,ratio-03.yaml,5,adversarial-0,adversarial,1.3338394165039062,0.271484375,0.4638671875
run-20260923-234833-44d42d,ratio-03.yaml,5,adversarial-1,adversarial,1.3338394165039062,0.271484375,0.4638671875
run-20260923-234833-44d42d,ratio-03.yaml,5,adversarial-2,adversarial,1.3338394165039062,0.271484375,0.4638671875
run-20260923-234833-44d42d,ratio-03.yaml,5,normal-0,normal,1.3338392972946167,0.271484375,0.4638671875
run-20260923-234833-44d42d,ratio-03.yaml,5,normal-1,normal,1.3338394165039062,0.271484375,0.4638671875
run-20260923-234833-44d42d,ratio-03.yaml,5,normal-2,normal,1.3338394165039062,0.271484375,0.4638671875
run-20260923-234833-44d42d,ratio-03.yaml,5,normal-3,normal,1.3338394165039062,0.271484375,0.4638671875
run-20260923-234833-44d42d,ratio-03.yaml,5,normal-4,normal,1.3338392972946167,0.271484375,0.4638671875
run-20260923-234833-44d42d,ratio-03.yaml,5,normal-5,normal,1.3338394165039062,0.271484375,0.4638671875
run-20260923-234833-44d42d,ratio-03.yaml,5,normal-6,normal,1.3338394165039062,0.271484375,0.4638671875
run-20260923-234833-44d42d,ratio-03.yaml,6,adversarial-0,adversarial,1.310448408126831,0.2783203125,0.4697265625
run-20260923-234833-44d42d,ratio-03.yaml,6,adversarial-1,adversarial,1.310448408126831,0.2783203125,0.4697265625
run-20260923-234833-44d42d,ratio-03.yaml,6,adversarial-2,adversarial,1.310448408126831,0.2783203125,0.4697265625
run-20260923-234833-44d42d,ratio-03.yaml,6,normal-0,normal,1.310448408126831,0.2783203125,0.4697265625
run-20260923-234833-44d42d,ratio-03.yaml,6,normal-1,normal,1.310448408126831,0.2783203125,0.4697265625
run-20260923-234833-44d42d,ratio-03.yaml,6,normal-2,normal,1.310448408126831,0.2783203125,0.4697265625
run-20260923-234833-44d42d,ratio-03.yaml,6,normal-3,normal,1.310448408126831,0.2783203125,0.4697265625
run-20260923-234833-44d42d,ratio-03.yaml,6,normal-4,normal,1.310448408126831,0.2783203125,0.4697265625
run-20260923-234833-44d42d,ratio-03.yaml,6,normal-5,normal,1.310448408126831,0.2783203125,0.4697265625
run-20260923-234833-44d42d,ratio-03.yaml,6,normal-6,normal,1.310448408126831,0.2783203125,0.4697265625
run-20260923-234833-44d42d,ratio-03.yaml,7,adversarial-0,adversarial,1.285197377204895,0.28173828125,0.48095703125
run-20260923-234833-44d42d,ratio-03.yaml,7,adversarial-1,adversarial,1.285197377204895,0.28173828125,0.48095703125
run-20260923-234833-44d42d,ratio-03.yaml,7,adversarial-2,adversarial,1.285197377204895,0.28173828125,0.48095703125
run-20260923-234833-44d42d,ratio-03.yaml,7,normal-0,normal,1.285197377204895,0.28173828125,0.48095703125
run-20260923-234833-44d42d,ratio-03.yaml,7,normal-1,normal,1.285197377204895,0.28173828125,0.48095703125
run-20260923-234833-44d42d,ratio-03.yaml,7,normal-2,normal,1.285197377204895,0.28173828125,0.48095703125
run-20260923-234833-44d42d,ratio-03.yaml,7,normal-3,normal,1.285197377204895,0.28173828125,0.48095703125
run-20260923-234833-44d42d,ratio-03.yaml,7,normal-4,normal,1.285197377204895,0.28173828125,0.48095703125
run-20260923-234833-44d42d,ratio-03.yaml,7,normal-5,normal,1.285197377204895,0.28173828125,0.48095703125
run-20260923-234833-44d42d,ratio-03.yaml,7,normal-6,normal,1.285197377204895,0.28173828125,0.48095703125
run-20260923-234833-44d42d,ratio-03.yaml,8,adversarial-0,adversarial,1.2588114738464355,0.4072265625,0.3798828125
run-20260923-234833-44d42d,ratio-03.yaml,8,adversarial-1,adversarial,1.2588114738464355,0.4072265625,0.3798828125
run-20260923-234833-44d42d,ratio-03.yaml,8,adversarial-2,adversarial,1.2588114738464355,0.4072265625,0.3798828125
run-20260923-234833-44d42d,ratio-03.yaml,8,normal-0,normal,1.2588114738464355,0.4072265625,0.3798828125
run-20260923-234833-44d42d,ratio-03.yaml,8,normal-1,normal,1.2588114738464355,0.4072265625,0.3798828125
run-20260923-234833-44d42d,ratio-03.yaml,8,normal-2,normal,1.2588114738464355,0.4072265625,0.3798828125
run-20260923-234833-44d42d,ratio-03.yaml,8,normal-3,normal,1.2588114738464355,0.4072265625,0.3798828125
run-20260923-234833-44d42d,ratio-03.yaml,8,normal-4,normal,1.2588114738464355,0.4072265625,0.3798828125
run-20260923-234833-44d42d,ratio-03.yaml,8,normal-5,normal,1.2588114738464355,0.4072265625,0.3798828125
run-20260923-234833-44d42d,ratio-03.yaml,8,normal-6,normal,1.2588114738464355,0.4072265625,0.3798828125
run-20260923-234833-44d42d,ratio-03.yaml,9,adversarial-0,adversarial,1.231264352798462,0.451416015625,0.352294921875
run-20260923-234833-44d42d,ratio-03.yaml,9,adversarial-1,adversarial,1.231264352798462,0.451416015625,0.352294921875
run-20260923-234833-44d42d,ratio-03.yaml,9,adversarial-2,adversarial,1.231264352798462,0.451416015625,0.352294921875
run-20260923-234833-44d42d,ratio-03.yaml,9,normal-0,normal,1.231264352798462,0.451416015625,0.352294921875
run-20260923-234833-44d42d,ratio-03.yaml,9,normal-1,normal,1.231264352798462,0.451416015625,0.352294921875
run-20260923-234833-44d42d,ratio-03.yaml,9,normal-2,normal,1.231264352798462,0.451416015625,0.352294921875
run-20260923-234833-44d42d,ratio-03.yaml,9,normal-3,normal,1.231264352798462,0.451416015625,0.352294921875
run-20260923-234833-44d42d,ratio-03.yaml,9,normal-4,normal,1.231264352798462,0.451416015625,0.352294921875
run-20260923-234833-44d42d,ratio-03.yaml,9,normal-5,normal,1.231264352798462,0.451416015625,0.352294921875
run-20260923-234833-44d42d,ratio-03.yaml,9,normal-6,normal,1.231264352798462,0.451416015625,0.352294921875
run-20260923-234833-44d42d,ratio-03.yaml,10,adversarial-0,adversarial,1.2033517360687256,0.4814453125,0.330078125
run-20260923-234833-44d42d,ratio-03.yaml,10,adversarial-1,adversarial,1.2033517360687256,0.4814453125,0.330078125
run-20260923-234833-44d42d,ratio-03.yaml,10,adversarial-2,adversarial,1.2033517360687256,0.4814453125,0.330078125
run-20260923-234833-44d42d,ratio-03.yaml,10,normal-0,normal,1.2033517360687256,0.4814453125,0.330078125
run-20260923-234833-44d42d,ratio-03.yaml,10,normal-1,normal,1.2033517360687256,0.4814453125,0.330078125
run-20260923-234833-44d42d,ratio-03.yaml,10,normal-2,normal,1.2033517360687256,0.4814453125,0.330078125
run-20260923-234833-44d42d,ratio-03.yaml,10,normal-3,normal,1.2033517360687256,0.4814453125,0.330078125
run-20260923-234833-44d42d,ratio-03.yaml,10,normal-4,normal,1.2033517360687256,0.4814453125,0.330078125
run-20260923-234833-44d42d,ratio-03.yaml,10,normal-5,normal,1.2033517360687256,0.4814453125,0.330078125
run-20260923-234833-44d42d,ratio-03.yaml,10,normal-6,normal,1.2033517360687256,0.4814453125,0.330078125
run-20260923-234833-44d42d,ratio-03.yaml,11,adversarial-0,adversarial,1.1753040552139282,0.548828125,0.312255859375
run-20260923-234833-44d42d,ratio-03.yaml,11,adversarial-1,adversarial,1.1753040552139282,0.548828125,0.312255859375
run-20260923-234833-44d42d,ratio-03.yaml,11,adversarial-2,adversarial,1.1753040552139282,0.548828125,0.312255859375
run-20260923-234833-44d42d,ratio-03.yaml,11,normal-0,normal,1.1753040552139282,0.548828125,0.312255859375
run-20260923-234833-44d42d,ratio-03.yaml,11,normal-1,normal,1.1753040552139282,0.548828125,0.312255859375
run-20260923-234833-44d42d,ratio-03.yaml,11,normal-2,normal,1.1753040552139282,0.548828125,0.312255859375
run-20260923-234833-44d42d,ratio-03.yaml,11,normal-3,normal,1.1753040552139282,0.548828125,0.312255859375
run-20260923-234833-44d42d,ratio-03.yaml,11,normal-4,normal,1.1753040552139282,0.548828125,0.312255859375
run-20260923-234833-44d42d,ratio-03.yaml,11,normal-5,normal,1.1753040552139282,0.548828125,0.312255859375
run-20260923-234833-44d42d,ratio-03.yaml,11,normal-6,normal,1.1753040552139282,0.548828125,0.312255859375
run-20260923-234833-44d42d,ratio-03.yaml,12,adversarial-0,adversarial,1.1473231315612793,0.6103515625,0.304443359375
run-20260923-234833-44d42d,ratio-03.yaml,12,adversarial-1,adversarial,1.1473231315612793,0.6103515625,0.304443359375
run-20260923-234833-44d42d,ratio-03.yaml,12,adversarial-2,adversarial,1.1473231315612793,0.6103515625,0.304443359375
run-20260923-234833-44d42d,ratio-03.yaml,12,normal-0,normal,1.1473231315612793,0.6103515625,0.304443359375
run-20260923-234833-44d42d,ratio-03.yaml,12,normal-1,normal,1.1473231315612793,0.6103515625,0.304443359375
run-20260923-234833-44d42d,ratio-03.yaml,12,normal-2,normal,1.1473231315612793,0.6103515625,0.304443359375
run-20260923-234833-44d42d,ratio-03.yaml,12,normal-3,normal,1.1473231315612793,0.6103515625,0.304443359375
run-20260923-234833-44d42d,ratio-03.yaml,12,normal-4,normal,1.1473231315612793,0.6103515625,0.304443359375
run-20260923-234833-44d42d,ratio-03.yaml,12,normal-5,normal,1.1473231315612793,0.6103515625,0.304443359375
run-20260923-234833-44d42d,ratio-03.yaml,12,normal-6,normal,1.1473231315612793,0.6103515625,0.304443359375
run-20260923-234833-44d42d,ratio-03.yaml,13,adversarial-0,adversarial,1.1200121641159058,0.665283203125,0.336181640625
run-20260923-234833-44d42d,ratio-03.yaml,13,adversarial-1,adversarial,1.1200121641159058,0.665283203125,0.336181640625
run-20260923-234833-44d42d,ratio-03.yaml,13,adversarial-2,adversarial,1.1200121641159058,0.665283203125,0.336181640625
run-20260923-234833-44d42d,ratio-03.yaml,13,normal-0,normal,1.1200121641159058,0.665283203125,0.336181640625
run-20260923-234833-44d42d,ratio-03.yaml,13,normal-1,normal,1.1200121641159058,0.665283203125,0.336181640625
run-20260923-234833-44d42d,ratio-03.yaml,13,normal-2,normal,1.1200121641159058,0.665283203125,0.336181640625
run-20260923-234833-44d42d,ratio-03.yaml,13,normal-3,normal,1.1200121641159058,0.665283203125,0.336181640625
run-20260923-234833-44d42d,ratio-03.yaml,13,normal-4,normal,1.1200121641159058,0.665283203125,0.336181640625
run-20260923-234833-44d42d,ratio-03.yaml,13,normal-5,normal,1.1200121641159058,0.665283203125,0.336181640625
run-20260923-234833-44d42d,ratio-03.yaml,13,normal-6,normal,1.1200121641159058,0.665283203125,0.336181640625
run-20260923-234833-44d42d,ratio-03.yaml,14,adversarial-0,adversarial,1.0929005146026611,0.705322265625,0.357666015625
run-20260923-234833-44d42d,ratio-03.yaml,14,adversarial-1,adversarial,1.0929005146026611,0.705322265625,0.357666015625
run-20260923-234833-44d42d,ratio-03.yaml,14,adversarial-2,adversarial,1.0929005146026611,0.705322265625,0.357666015625
run-20260923-234833-44d42d,ratio-03.yaml,14,normal-0,normal,1.0929005146026611,0.705322265625,0.357666015625
run-20260923-234833-44d42d,ratio-03.yaml,14,normal-1,normal,1.0929005146026611,0.705322265625,0.357666015625
run-20260923-234833-44d42d,ratio-03.yaml,14,normal-2,normal,1.0929005146026611,0.705322265625,0.357666015625
run-20260923-234833-44d42d,ratio-03.yaml,14,normal-3,normal,1.0929005146026611,0.705322265625,0.357666015625
run-20260923-234833-44d42d,ratio-03.yaml,14,normal-4,normal,1.0929005146026611,0.705322265625,0.357666015625
run-20260923-234833-44d42d,ratio-03.yaml,14,normal-5,normal,1.0929005146026611,0.705322265625,0.357666015625
run-20260923-234833-44d42d,ratio-03.yaml,14,normal-6,normal,1.0929005146026611,0.705322265625,0.357666015625
run-20260923-234833-44d42d,ratio-03.yaml,15,adversarial-0,adversarial,1.0662723779678345,0.725341796875,0.3671875
run-20260923-234833-44d42d,ratio-03.yaml,15,adversarial-1,adversarial,1.0662723779678345,0.725341796875,0.3671875
run-20260923-234833-44d42d,ratio-03.yaml,15,adversarial-2,adversarial,1.0662723779678345,0.725341796875,0.3671875
run-20260923-234833-44d42d,ratio-03.yaml,15,normal-0,normal,1.0662723779678345,0.725341796875,0.3671875
run-20260923-234833-44d42d,ratio-03.yaml,15,normal-1,normal,1.0662723779678345,0.725341796875,0.3671875
run-20260923-234833-44d42d,ratio-03.yaml,15,normal-2,normal,1.0662723779678345,0.725341796875,0.3671875
run-20260923-234833-44d42d,ratio-03.yaml,15,normal-3,normal,1.0662723779678345,0.725341796875,0.3671875
run-20260923-234833-44d42d,ratio-03.yaml,15,normal-4,normal,1.0662723779678345,0.725341796875,0.3671875
run-20260923-234833-44d42d,ratio-03.yaml,15,normal-5,normal,1.0662723779678345,0.725341796875,0.3671875
run-20260923-234833-44d42d,ratio-03.yaml,15,normal-6,normal,1.0662723779678345,0.725341796875,0.3671875
run-20260923-234833-44d42d,ratio-03.yaml,16,adversarial-0,adversarial,1.0400992631912231,0.73291015625,0.3623046875
run-20260923-234833-44d42d,ratio-03.yaml,16,adversarial-1,adversarial,1.0400992631912231,0.73291015625,0.3623046875
run-20260923-234833-44d42d,ratio-03.yaml,16,adversarial-2,adversarial,1.0400992631912231,0.73291015625,0.3623046875
run-20260923-234833-44d42d,ratio-03.yaml,16,normal-0,normal,1.0400992631912231,0.73291015625,0.3623046875
run-20260923-234833-44d42d,ratio-03.yaml,16,normal-1,normal,1.0400992631912231,0.73291015625,0.3623046875
run-20260923-234833-44d42d,ratio-03.yaml,16,normal-2,normal,1.0400992631912231,0.73291015625,0.3623046875
run-20260923-234833-44d42d,ratio-03.yaml,16,normal-3,normal,1.0400992631912231,0.73291015625,0.3623046875
run-20260923-234833-44d42d,ratio-03.yaml,16,normal-4,normal,1.0400992631912231,0.73291015625,0.3623046875
run-20260923-234833-44d42d,ratio-03.yaml,16,normal-5,normal,1.0400992631912231,0.73291015625,0.3623046875
run-20260923-234833-44d42d,ratio-03.yaml,16,normal-6,normal,1.0400992631912231,0.73291015625,0.3623046875
run-20260923-234833-44d42d,ratio-03.yaml,17,adversarial-0,adversarial,1.0143678188323975,0.73583984375,0.357177734375
run-20260923-234833-44d42d,ratio-03.yaml,17,adversarial-1,adversarial,1.0143678188323975,0.73583984375,0.357177734375
run-20260923-234833-44d42d,ratio-03.yaml,17,adversarial-2,adversarial,1.0143678188323975,0.73583984375,0.357177734375
run-20260923-234833-44d42d,ratio-03.yaml,17,normal-0,normal,1.0143678188323975,0.73583984375,0.357177734375
run-20260923-234833-44d42d,ratio-03.yaml,17,normal-1,normal,1.0143678188323975,0.73583984375,0.357177734375
run-20260923-234833-44d42d,ratio-03.yaml,17,normal-2,normal,1.0143678188323975,0.73583984375,0.357177734375
run-20260923-234833-44d42d,ratio-03.yaml,17,normal-3,normal,1.0143678188323975,0.73583984375,0.357177734375
run-20260923-234833-44d42d,ratio-03.yaml,17,normal-4,normal,1.0143678188323975,0.73583984375,0.357177734375
run-20260923-234833-44d42d,ratio-03.yaml,17,normal-5,normal,1.0143678188323975,0.73583984375,0.357177734375
run-20260923-234833-44d42d,ratio-03.yaml,17,normal-6,normal,1.0143678188323975,0.73583984375,0.357177734375
run-20260923-234833-44d42d,ratio-03.yaml,18,adversarial-0,adversarial,0.9887107610702515,0.73779296875,0.353271484375
run-20260923-234833-44d42d,ratio-03.yaml,18,adversarial-1,adversarial,0.9887107610702515,0.73779296875,0.353271484375
run-20260923-234833-44d42d,ratio-03.yaml,18,adversarial-2,adversarial,0.9887107610702515,0.73779296875,0.353271484375
run-20260923-234833-44d42d,ratio-03.yaml,18,normal-0,normal,0.9887107610702515,0.73779296875,0.353271484375
run-20260923-234833-44d42d,ratio-03.yaml,18,normal-1,normal,0.9887107610702515,0.73779296875,0.353271484375
run-20260923-234833-44d42d,ratio-03.yaml,18,normal-2,normal,0.9887107610702515,0.73779296875,0.353271484375
run-20260923-234833-44d42d,ratio-03.yaml,18,normal-3,normal,0.9887107610702515,0.73779296875,0.353271484375
run-20260923-234833-44d42d,ratio-03.yaml,18,normal-4,normal,0.9887107610702515,0.73779296875,0.353271484375
run-20260923-234833-44d42d,ratio-03.yaml,18,normal-5,normal,0.9887107610702515,0.73779296875,0.353271484375
run-20260923-234833-44d42d,ratio-03.yaml,18,normal-6,normal,0.9887107610702515,0.73779296875,0.353271484375
run-20260923-234833-44d42d,ratio-03.yaml,19,adversarial-0,adversarial,0.9636993408203125,0.75048828125,0.34130859375
run-20260923-234833-44d42d,ratio-03.yaml,19,adversarial-1,adversarial,0.9636994004249573,0.75048828125,0.34130859375
run-20260923-234833-44d42d,ratio-03.yaml,19,adversarial-2,adversarial,0.9636993408203125,0.75048828125,0.34130859375
run-20260923-234833-44d42d,ratio-03.yaml,19,normal-0,normal,0.9636993408203125,0.75048828125,0.34130859375
run-20260923-234833-44d42d,ratio-03.yaml,19,normal-1,normal,0.9636993408203125,0.75048828125,0.34130859375
run-20260923-234833-44d42d,ratio-03.yaml,19,normal-2,normal,0.9636993408203125,0.75048828125,0.34130859375
run-20260923-234833-44d42d,ratio-03.yaml,19,normal-3,normal,0.9636993408203125,0.75048828125,0.34130859375
run-20260923-234833-44d42d,ratio-03.yaml,19,normal-4,normal,0.9636993408203125,0.75048828125,0.34130859375
run-20260923-234833-44d42d,ratio-03.yaml,19,normal-5,normal,0.9636993408203125,0.75048828125,0.34130859375
run-20260923-234833-44d42d,ratio-03.yaml,19,normal-6,normal,0.9636993408203125,0.75048828125,0.34130859375
run-20260923-234833-44d42d,ratio-03.yaml,20,adversarial-0,adversarial,0.93934166431427,0.759765625,0.33740234375
run-20260923-234833-44d42d,ratio-03.yaml,20,adversarial-1,adversarial,0.93934166431427,0.759765625,0.33740234375
run-20260923-234833-44d42d,ratio-03.yaml,20,adversarial-2,adversarial,0.93934166431427,0.759765625,0.33740234375
run-20260923-234833-44d42d,ratio-03.yaml,20,normal-0,normal,0.93934166431427,0.759765625,0.33740234375
run-20260923-234833-44d42d,ratio-03.yaml,20,normal-1,normal,0.93934166431427,0.759765625,0.33740234375
run-20260923-234833-44d42d,ratio-03.yaml,20,normal-2,normal,0.93934166431427,0.759765625,0.33740234375
run-20260923-234833-44d42d,ratio-03.yaml,20,normal-3,normal,0.93934166431427,0.759765625,0.33740234375
run-20260923-234833-44d42d,ratio-03.yaml,20,normal-4,normal,0.93934166431427,0.759765625,0.33740234375
run-20260923-234833-44d42d,ratio-03.yaml,20,normal-5,normal,0.93934166431427,0.759765625,0.33740234375
run-20260923-234833-44d42d,ratio-03.yaml,20,normal-6,normal,0.93934166431427,0.759765625,0.33740234375
run-20260923-235023-d88f53,ratio-04.yaml,0,adversarial-0,adversarial,1.4023325443267822,0.245849609375,0.3984375
run-20260923-235023-d88f53,ratio-04.yaml,0,adversarial-1,adversarial,1.4023325443267822,0.245849609375,0.3984375
run-20260923-235023-d88f53,ratio-04.yaml,0,adversarial-2,adversarial,1.4023325443267822,0.245849609375,0.3984375
run-20260923-235023-d88f53,ratio-04.yaml,0,adversarial-3,adversarial,1.4023325443267822,0.245849609375,0.3984375
run-20260923-235023-d88f53,ratio-04.yaml,0,normal-0,normal,1.4023325443267822,0.245849609375,0.3984375
run-20260923-235023-d88f53,ratio-04.yaml,0,normal-1,normal,1.4023325443267822,0.245849609375,0.3984375
run-20260923-235023-d88f53,ratio-04.yaml,0,normal-2,normal,1.4023325443267822,0.245849609375,0.3984375
run-20260923-235023-d88f53,ratio-04.yaml,0,normal-3,normal,1.4023325443267822,0.245849609375,0.3984375
run-20260923-235023-d88f53,ratio-04.yaml,0,normal-4,normal,1.4023325443267822,0.245849609375,0.3984375
run-20260923-235023-d88f53,ratio-04.yaml,0,normal-5,normal,1.4023325443267822,0.245849609375,0.3984375
run-20260923-235023-d88f53,ratio-04.yaml,1,adversarial-0,adversarial,1.398363709449768,0.245361328125,0.400634765625
run-20260923-235023-d88f53,ratio-04.yaml,1,adversarial-1,adversarial,1.398363709449768,0.245361328125,0.400634765625
run-20260923-235023-d88f53,ratio-04.yaml,1,adversarial-2,adversarial,1.398363709449768,0.245361328125,0.400634765625
run-20260923-235023-d88f53,ratio-04.yaml,1,adversarial-3,adversarial,1.398363709449768,0.245361328125,0.400634765625
run-20260923-235023-d88f53,ratio-04.yaml,1,normal-0,normal,1.398363709449768,0.245361328125,0.400634765625
run-20260923-235023-d88f53,ratio-04.yaml,1,normal-1,normal,1.398363709449768,0.245361328125,0.400634765625
run-20260923-235023-d88f53,ratio-04.yaml,1,normal-2,normal,1.398363709449768,0.245361328125,0.400634765625
run-20260923-235023-d88f53,ratio-04.yaml,1,normal-3,normal,1.398363709449768,0.245361328125,0.400634765625
run-20260923-235023-d88f53,ratio-04.yaml,1,normal-4,normal,1.398363709449768,0.245361328125,0.400634765625
run-20260923-235023-d88f53,ratio-04.yaml,1,normal-5,normal,1.398363709449768,0.245361328125,0.400634765625
run-20260923-235023-d88f53,ratio-04.yaml,2,adversarial-0,adversarial,1.3917540311813354,0.245849609375,0.410400390625
run-20260923-235023-d88f53,ratio-04.yaml,2,adversarial-1,adversarial,1.3917540311813354,0.245849609375,0.410400390625
run-20260923-235023-d88f53,ratio-04.yaml,2,adversarial-2,adversarial,1.3917540311813354,0.245849609375,0.410400390625
run-20260923-235023-d88f53,ratio-04.yaml,2,adversarial-3,adversarial,1.3917540311813354,0.245849609375,0.410400390625
run-20260923-235023-d88f53,ratio-04.yaml,2,normal-0,normal,1.3917540311813354,0.245849609375,0.410400390625
run-20260923-235023-d88f53,ratio-04.yaml,2,normal-1,normal,1.3917540311813354,0.245849609375,0.410400390625
run-20260923-235023-d88f53,ratio-04.yaml,2,normal-2,normal,1.3917540311813354,0.245849609375,0.410400390625
run-20260923-235023-d88f53,ratio-04.yaml,2,normal-3,normal,1.3917540311813354,0.245849609375,0.410400390625
run-20260923-235023-d88f53,ratio-04.yaml,2,normal-4,normal,1.3917540311813354,0.245849609375,0.410400390625
run-20260923-235023-d88f53,ratio-04.yaml,2,normal-5,normal,1.3917540311813354,0.245849609375,0.410400390625
run-20260923-235023-d88f53,ratio-04.yaml,3,adversarial-0,adversarial,1.3833675384521484,0.251708984375,0.427490234375
run-20260923-235023-d88f53,ratio-04.yaml,3,adversarial-1,adversarial,1.3833675384521484,0.251708984375,0.427490234375
run-20260923-235023-d88f53,ratio-04.yaml,3,adversarial-2,adversarial,1.3833675384521484,0.251708984375,0.427490234375
run-20260923-235023-d88f53,ratio-04.yaml,3,adversarial-3,adversarial,1.3833675384521484,0.251708984375,0.427490234375
run-20260923-235023-d88f53,ratio-04.yaml,3,normal-0,normal,1.3833675384521484,0.251708984375,0.427490234375
run-20260923-235023-d88f53,ratio-04.yaml,3,normal-1,normal,1.3833675384521484,0.251708984375,0.427490234375
run-20260923-235023-d88f53,ratio-04.yaml,3,normal-2,normal,1.3833675384521484,0.251708984375,0.427490234375
run-20260923-235023-d88f53,ratio-04.yaml,3,normal-3,normal,1.3833675384521484,0.251708984375,0.427490234375
run-20260923-235023-d88f53,ratio-04.yaml,3,normal-4,normal,1.3833675384521484,0.251708984375,0.427490234375
run-20260923-235023-d88f53,ratio-04.yaml,3,normal-5,normal,1.3833675384521484,0.251708984375,0.427490234375
run-20260923-235023-d88f53,ratio-04.yaml,4,adversarial-0,adversarial,1.3732808828353882,0.257568359375,0.4365234375
run-20260923-235023-d88f53,ratio-04.yaml,4,adversarial-1,adversarial,1.3732808828353882,0.257568359375,0.4365234375
run-20260923-235023-d88f53,ratio-04.yaml,4,adversarial-2,adversarial,1.3732808828353882,0.257568359375,0.4365234375
run-20260923-235023-d88f53,ratio-04.yaml,4,adversarial-3,adversarial,1.3732808828353882,0.257568359375,0.4365234375
run-20260923-235023-d88f53,ratio-04.yaml,4,normal-0,normal,1.3732808828353882,0.257568359375,0.4365234375
run-20260923-235023-d88f53,ratio-04.yaml,4,normal-1,normal,1.3732808828353882,0.257568359375,0.4365234375
run-20260923-235023-d88f53,ratio-04.yaml,4,normal-2,normal,1.3732808828353882,0.257568359375,0.4365234375
run-20260923-235023-d88f53,ratio-04.yaml,4,normal-3,normal,1.3732808828353882,0.257568359375,0.4365234375
run-20260923-235023-d88f53,ratio-04.yaml,4,normal-4,normal,1.3732808828353882,0.257568359375,0.4365234375
run-20260923-235023-d88f53,ratio-04.yaml,4,normal-5,normal,1.3732808828353882,0.257568359375,0.4365234375
run-20260923-235023-d88f53,ratio-04.yaml,5,adversarial-0,adversarial,1.362381100654602,0.267578125,0.44287109375
run-20260923-235023-d88f53,ratio-04.yaml,5,adversarial-1,adversarial,1.362381100654602,0.267578125,0.44287109375
run-20260923-235023-d88f53,ratio-04.yaml,5,adversarial-2,adversarial,1.362381100654602,0.267578125,0.44287109375
run-20260923-235023-d88f53,ratio-04.yaml,5,adversarial-3,adversarial,1.362381100654602,0.267578125,0.44287109375
run-20260923-235023-d88f53,ratio-04.yaml,5,normal-0,normal,1.362381100654602,0.267578125,0.44287109375
run-20260923-235023-d88f53,ratio-04.yaml,5,normal-1,normal,1.362381100654602,0.267578125,0.44287109375
run-20260923-235023-d88f53,ratio-04.yaml,5,normal-2,normal,1.362381100654602,0.267578125,0.44287109375
run-20260923-235023-d88f53,ratio-04.yaml,5,normal-3,normal,1.362381100654602,0.267578125,0.44287109375
run-20260923-235023-d88f53,ratio-04.yaml,5,normal-4,normal,1.362381100654602,0.267578125,0.44287109375
run-20260923-235023-d88f53,ratio-04.yaml,5,normal-5,normal,1.362381100654602,0.267578125,0.44287109375
run-20260923-235023-d88f53,ratio-04.yaml,6,adversarial-0,adversarial,1.3500770330429077,0.27783203125,0.44384765625
run-20260923-235023-d88f53,ratio-04.yaml,6,adversarial-1,adversarial,1.3500770330429077,0.27783203125,0.44384765625
run-20260923-235023-d88f53,ratio-04.yaml,6,adversarial-2,adversarial,1.3500770330429077,0.27783203125,0.44384765625
run-20260923-235023-d88f53,ratio-04.yaml,6,adversarial-3,adversarial,1.3500770330429077,0.27783203125,0.44384765625
run-20260923-235023-d88f53,ratio-04.yaml,6,normal-0,normal,1.3500770330429077,0.27783203125,0.44384765625
run-20260923-235023-d88f53,ratio-04.yaml,6,normal-1,normal,1.3500770330429077,0.27783203125,0.44384765625
run-20260923-235023-d88f53,ratio-04.yaml,6,normal-2,normal,1.3500770330429077,0.27783203125,0.44384765625
run-20260923-235023-d88f53,ratio-04.yaml,6,normal-3,normal,1.3500770330429077,0.27783203125,0.44384765625
run-20260923-235023-d88f53,ratio-04.yaml,6,normal-4,normal,1.3500770330429077,0.27783203125,0.44384765625
run-20260923-235023-d88f53,ratio-04.yaml,6,normal-5,normal,1.3500770330429077,0.27783203125,0.44384765625
run-20260923-235023-d88f53,ratio-04.yaml,7,adversarial-0,adversarial,1.3365458250045776,0.282470703125,0.448486328125
run-20260923-235023-d88f53,ratio-04.yaml,7,adversarial-1,adversarial,1.3365458250045776,0.282470703125,0.448486328125
run-20260923-235023-d88f53,ratio-04.yaml,7,adversarial-2,adversarial,1.3365458250045776,0.282470703125,0.448486328125
run-20260923-235023-d88f53,ratio-04.yaml,7,adversarial-3,adversarial,1.3365458250045776,0.282470703125,0.448486328125
run-20260923-235023-d88f53,ratio-04.yaml,7,normal-0,normal,1.3365458250045776,0.282470703125,0.448486328125
run-20260923-235023-d88f53,ratio-04.yaml,7,normal-1,normal,1.3365458250045776,0.282470703125,0.448486328125
run-20260923-235023-d88f53,ratio-04.yaml,7,normal-2,normal,1.3365458250045776,0.282470703125,0.448486328125
run-20260923-235023-d88f53,ratio-04.yaml,7,normal-3,normal,1.3365458250045776,0.282470703125,0.448486328125
run-20260923-235023-d88f53,ratio-04.yaml,7,normal-4,normal,1.3365458250045776,0.282470703125,0.448486328125
run-20260923-235023-d88f53,ratio-04.yaml,7,normal-5,normal,1.3365458250045776,0.282470703125,0.448486328125
run-20260923-235023-d88f53,ratio-04.yaml,8,adversarial-0,adversarial,1.3222334384918213,0.28564453125,0.449462890625
run-20260923-235023-d88f53,ratio-04.yaml,8,adversarial-1,adversarial,1.3222334384918213,0.28564453125,0.449462890625
run-20260923-235023-d88f53,ratio-04.yaml,8,adversarial-2,adversarial,1.3222334384918213,0.28564453125,0.449462890625
run-20260923-235023-d88f53,ratio-04.yaml,8,adversarial-3,adversarial,1.3222334384918213,0.28564453125,0.449462890625
run-20260923-235023-d88f53,ratio-04.yaml,8,normal-0,normal,1.3222334384918213,0.28564453125,0.449462890625
run-20260923-235023-d88f53,ratio-04.yaml,8,normal-1,normal,1.3222334384918213,0.28564453125,0.449462890625
run-20260923-235023-d88f53,ratio-04.yaml,8,normal-2,normal,1.3222334384918213,0.28564453125,0.449462890625
run-20260923-235023-d88f53,ratio-04.yaml,8,normal-3,normal,1.3222334384918213,0.28564453125,0.449462890625
run-20260923-235023-d88f53,ratio-04.yaml,8,normal-4,normal,1.3222334384918213,0.28564453125,0.449462890625
run-20260923-235023-d88f53,ratio-04.yaml,8,normal-5,normal,1.3222334384918213,0.28564453125,0.449462890625
run-20260923-235023-d88f53,ratio-04.yaml,9,adversarial-0,adversarial,1.3071141242980957,0.2890625,0.451171875
run-20260923-235023-d88f53,ratio-04.yaml,9,adversarial-1,adversarial,1.3071141242980957,0.2890625,0.451171875
run-20260923-235023-d88f53,ratio-04.yaml,9,adversarial-2,adversarial,1.3071141242980957,0.2890625,0.451171875
run-20260923-235023-d88f53,ratio-04.yaml,9,adversarial-3,adversarial,1.3071141242980957,0.2890625,0.451171875
run-20260923-235023-d88f53,ratio-04.yaml,9,normal-0,normal,1.3071141242980957,0.2890625,0.451171875
run-20260923-235023-d88f53,ratio-04.yaml,9,normal-1,normal,1.3071141242980957,0.2890625,0.451171875
run-20260923-235023-d88f53,ratio-04.yaml,9,normal-2,normal,1.3071141242980957,0.2890625,0.451171875
run-20260923-235023-d88f53,ratio-04.yaml,9,normal-3,normal,1.3071141242980957,0.2890625,0.451171875
run-20260923-235023-d88f53,ratio-04.yaml,9,normal-4,normal,1.3071141242980957,0.2890625,0.451171875
run-20260923-235023-d88f53,ratio-04.yaml,9,normal-5,normal,1.3071141242980957,0.2890625,0.451171875
run-20260923-235023-d88f53,ratio-04.yaml,10,adversarial-0,adversarial,1.291462779045105,0.291748046875,0.4580078125
run-20260923-235023-d88f53,ratio-04.yaml,10,adversarial-1,adversarial,1.291462779045105,0.291748046875,0.4580078125
run-20260923-235023-d88f53,ratio-04.yaml,10,adversarial-2,adversarial,1.291462779045105,0.291748046875,0.4580078125
run-20260923-235023-d88f53,ratio-04.yaml,10,adversarial-3,adversarial,1.291462779045105,0.291748046875,0.4580078125
run-20260923-235023-d88f53,ratio-04.yaml,10,normal-0,normal,1.291462779045105,0.291748046875,0.4580078125
run-20260923-235023-d88f53,ratio-04.yaml,10,normal-1,normal,1.291462779045105,0.291748046875,0.4580078125
run-20260923-235023-d88f53,ratio-04.yaml,10,normal-2,normal,1.291462779045105,0.291748046875,0.4580078125
run-20260923-235023-d88f53,ratio-04.yaml,10,normal-3,normal,1.291462779045105,0.291748046875,0.4580078125
run-20260923-235023-d88f53,ratio-04.yaml,10,normal-4,normal,1.291462779045105,0.291748046875,0.4580078125
run-20260923-235023-d88f53,ratio-04.yaml,10,normal-5,normal,1.291462779045105,0.291748046875,0.4580078125
run-20260923-235023-d88f53,ratio-04.yaml,11,adversarial-0,adversarial,1.274938702583313,0.3837890625,0.37451171875
run-20260923-235023-d88f53,ratio-04.yaml,11,adversarial-1,adversarial,1.274938702583313,0.3837890625,0.37451171875
run-20260923-235023-d88f53,ratio-04.yaml,11,adversarial-2,adversarial,1.274938702583313,0.3837890625,0.37451171875
run-20260923-235023-d88f53,ratio-04.yaml,11,adversarial-3,adversarial,1.274938702583313,0.3837890625,0.37451171875
run-20260923-235023-d88f53,ratio-04.yaml,11,normal-0,normal,1.274938702583313,0.3837890625,0.37451171875
run-20260923-235023-d88f53,ratio-04.yaml,11,normal-1,normal,1.274938702583313,0.3837890625,0.37451171875
run-20260923-235023-d88f53,ratio-04.yaml,11,normal-2,normal,1.274938702583313,0.3837890625,0.37451171875
run-20260923-235023-d88f53,ratio-04.yaml,11,normal-3,normal,1.274938702583313,0.3837890625,0.37451171875
run-20260923-235023-d88f53,ratio-04.yaml,11,normal-4,normal,1.274938702583313,0.3837890625,0.37451171875
run-20260923-235023-d88f53,ratio-04.yaml,11,normal-5,normal,1.274938702583313,0.3837890625,0.37451171875
run-20260923-235023-d88f53,ratio-04.yaml,12,adversarial-0,adversarial,1.2576720714569092,0.426025390625,0.3515625
run-20260923-235023-d88f53,ratio-04.yaml,12,adversarial-1,adversarial,1.2576720714569092,0.426025390625,0.3515625
run-20260923-235023-d88f53,ratio-04.yaml,12,adversarial-2,adversarial,1.2576720714569092,0.426025390625,0.3515625
run-20260923-235023-d88f53,ratio-04.yaml,12,adversarial-3,adversarial,1.2576720714569092,0.426025390625,0.3515625
run-20260923-235023-d88f53,ratio-04.yaml,12,normal-0,normal,1.2576720714569092,0.426025390625,0.3515625
run-20260923-235023-d88f53,ratio-04.yaml,12,normal-1,normal,1.2576720714569092,0.426025390625,0.3515625
run-20260923-235023-d88f53,ratio-04.yaml,12,normal-2,normal,1.2576720714569092,0.426025390625,0.3515625
run-20260923-235023-d88f53,ratio-04.yaml,12,normal-3,normal,1.2576720714569092,0.426025390625,0.3515625
run-20260923-235023-d88f53,ratio-04.yaml,12,normal-4,normal,1.2576720714569092,0.426025390625,0.3515625
run-20260923-235023-d88f53,ratio-04.yaml,12,normal-5,normal,1.2576720714569092,0.426025390625,0.3515625
run-20260923-235023-d88f53,ratio-04.yaml,13,adversarial-0,adversarial,1.2404214143753052,0.44921875,0.336669921875
run-20260923-235023-d88f53,ratio-04.yaml,13,adversarial-1,adversarial,1.2404215335845947,0.44921875,0.336669921875
run-20260923-235023-d88f53,ratio-04.yaml,13,adversarial-2,adversarial,1.2404215335845947,0.44921875,0.336669921875
run-20260923-235023-d88f53,ratio-04.yaml,13,adversarial-3,adversarial,1.2404214143753052,0.44921875,0.336669921875
run-20260923-235023-d88f53,ratio-04.yaml,13,normal-0,normal,1.2404214143753052,0.44921875,0.336669921875
run-20260923-235023-d88f53,ratio-04.yaml,13,normal-1,normal,1.2404215335845947,0.44921875,0.336669921875
run-20260923-235023-d88f53,ratio-04.yaml,13,normal-2,normal,1.2404214143753052,0.44921875,0.336669921875
run-20260923-235023-d88f53,ratio-04.yaml,13,normal-3,normal,1.2404214143753052,0.44921875,0.336669921875
run-20260923-235023-d88f53,ratio-04.yaml,13,normal-4,normal,1.2404214143753052,0.44921875,0.336669921875
run-20260923-235023-d88f53,ratio-04.yaml,13,normal-5,normal,1.2404214143753052,0.44921875,0.336669921875
run-20260923-235023-d88f53,ratio-04.yaml,14,adversarial-0,adversarial,1.2230936288833618,0.470947265625,0.325439453125
run-20260923-235023-d88f53,ratio-04.yaml,14,adversarial-1,adversarial,1.2230936288833618,0.470947265625,0.325439453125
run-20260923-235023-d88f53,ratio-04.yaml,14,adversarial-2,adversarial,1.2230936288833618,0.470947265625,0.325439453125
run-20260923-235023-d88f53,ratio-04.yaml,14,adversarial-3,adversarial,1.2230936288833618,0.470947265625,0.325439453125
run-20260923-235023-d88f53,ratio-04.yaml,14,normal-0,normal,1.2230936288833618,0.470947265625,0.325439453125
run-20260923-235023-d88f53,ratio-04.yaml,14,normal-1,normal,1.2230936288833618,0.470947265625,0.325439453125
run-20260923-235023-d88f53,ratio-04.yaml,14,normal-2,normal,1.2230936288833618,0.470947265625,0.325439453125
run-20260923-235023-d88f53,ratio-04.yaml,14,normal-3,normal,1.2230936288833618,0.470947265625,0.325439453125
run-20260923-235023-d88f53,ratio-04.yaml,14,normal-4,normal,1.2230936288833618,0.470947265625,0.325439453125
run-20260923-235023-d88f53,ratio-04.yaml,14,normal-5,normal,1.2230936288833618,0.470947265625,0.325439453125
run-20260923-235023-d88f53,ratio-04.yaml,15,adversarial-0,adversarial,1.205639362335205,0.482666015625,0.3193359375
run-20260923-235023-d88f53,ratio-04.yaml,15,adversarial-1,adversarial,1.205639362335205,0.482666015625,0.3193359375
run-20260923-235023-d88f53,ratio-04.yaml,15,adversarial-2,adversarial,1.205639362335205,0.482666015625,0.3193359375
run-20260923-235023-d88f53,ratio-04.yaml,15,adversarial-3,adversarial,1.205639362335205,0.482666015625,0.3193359375
run-20260923-235023-d88f53,ratio-04.yaml,15,normal-0,normal,1.205639362335205,0.482666015625,0.3193359375
run-20260923-235023-d88f53,ratio-04.yaml,15,normal-1,normal,1.205639362335205,0.482666015625,0.3193359375
run-20260923-235023-d88f53,ratio-04.yaml,15,normal-2,normal,1.205639362335205,0.482666015625,0.3193359375
run-20260923-235023-d88f53,ratio-04.yaml,15,normal-3,normal,1.205639362335205,0.482666015625,0.3193359375
run-20260923-235023-d88f53,ratio-04.yaml,15,normal-4,normal,1.205639362335205,0.482666015625,0.3193359375
run-20260923-235023-d88f53,ratio-04.yaml,15,normal-5,normal,1.205639362335205,0.482666015625,0.3193359375
run-20260923-235023-d88f53,ratio-04.yaml,16,adversarial-0,adversarial,1.1892033815383911,0.509521484375,0.314697265625
run-20260923-235023-d88f53,ratio-04.yaml,16,adversarial-1,adversarial,1.1892033815383911,0.509521484375,0.314697265625
run-20260923-235023-d88f53,ratio-04.yaml,16,adversarial-2,adversarial,1.1892033815383911,0.509521484375,0.314697265625
run-20260923-235023-d88f53,ratio-04.yaml,16,adversarial-3,adversarial,1.1892033815383911,0.509521484375,0.314697265625
run-20260923-235023-d88f53,ratio-04.yaml,16,normal-0,normal,1.1892033815383911,0.509521484375,0.314697265625
run-20260923-235023-d88f53,ratio-04.yaml,16,normal-1,normal,1.1892033815383911,0.509521484375,0.314697265625
run-20260923-235023-d88f53,ratio-04.yaml,16,normal-2,normal,1.1892033815383911,0.509521484375,0.314697265625
run-20260923-235023-d88f53,ratio-04.yaml,16,normal-3,normal,1.1892033815383911,0.509521484375,0.314697265625
run-20260923-235023-d88f53,ratio-04.yaml,16,normal-4,normal,1.1892033815383911,0.509521484375,0.314697265625
run-20260923-235023-d88f53,ratio-04.yaml,16,normal-5,normal,1.1892033815383911,0.509521484375,0.314697265625
run-20260923-235023-d88f53,ratio-04.yaml,17,adversarial-0,adversarial,1.1724696159362793,0.548828125,0.3134765625
run-20260923-235023-d88f53,ratio-04.yaml,17,adversarial-1,adversarial,1.1724696159362793,0.548828125,0.3134765625
run-20260923-235023-d88f53,ratio-04.yaml,17,adversarial-2,adversarial,1.1724696159362793,0.548828125,0.3134765625
run-20260923-235023-d88f53,ratio-04.yaml,17,adversarial-3,adversarial,1.1724696159362793,0.548828125,0.3134765625
run-20260923-235023-d88f53,ratio-04.yaml,17,normal-0,normal,1.1724696159362793,0.548828125,0.3134765625
run-20260923-235023-d88f53,ratio-04.yaml,17,normal-1,normal,1.1724696159362793,0.548828125,0.3134765625
run-20260923-235023-d88f53,ratio-04.yaml,17,normal-2,normal,1.1724696159362793,0.548828125,0.3134765625
run-20260923-235023-d88f53,ratio-04.yaml,17,normal-3,normal,1.1724696159362793,0.548828125,0.3134765625
run-20260923-235023-d88f53,ratio-04.yaml,17,normal-4,normal,1.1724696159362793,0.548828125,0.3134765625
run-20260923-235023-d88f53,ratio-04.yaml,17,normal-5,normal,1.1724696159362793,0.548828125,0.3134765625
run-20260923-235023-d88f53,ratio-04.yaml,18,adversarial-0,adversarial,1.156104326248169,0.5732421875,0.314453125
run-20260923-235023-d88f53,ratio-04.yaml,18,adversarial-1,adversarial,1.156104326248169,0.5732421875,0.314453125
run-20260923-235023-d88f53,ratio-04.yaml,18,adversarial-2,adversarial,1.156104326248169,0.5732421875,0.314453125
run-20260923-235023-d88f53,ratio-04.yaml,18,adversarial-3,adversarial,1.156104326248169,0.5732421875,0.314453125
run-20260923-235023-d88f53,ratio-04.yaml,18,normal-0,normal,1.156104326248169,0.5732421875,0.314453125
run-20260923-235023-d88f53,ratio-04.yaml,18,normal-1,normal,1.156104326248169,0.5732421875,0.314453125
run-20260923-235023-d88f53,ratio-04.yaml,18,normal-2,normal,1.156104326248169,0.5732421875,0.314453125
run-20260923-235023-d88f53,ratio-04.yaml,18,normal-3,normal,1.156104326248169,0.5732421875,0.314453125
run-20260923-235023-d88f53,ratio-04.yaml,18,normal-4,normal,1.156104326248169,0.5732421875,0.314453125
run-20260923-235023-d88f53,ratio-04.yaml,18,normal-5,normal,1.156104326248169,0.5732421875,0.314453125
run-20260923-235023-d88f53,ratio-04.yaml,19,adversarial-0,adversarial,1.13992440700531,0.5986328125,0.31298828125
run-20260923-235023-d88f53,ratio-04.yaml,19,adversarial-1,adversarial,1.13992440700531,0.5986328125,0.31298828125
run-20260923-235023-d88f53,ratio-04.yaml,19,adversarial-2,adversarial,1.13992440700531,0.5986328125,0.31298828125
run-20260923-235023-d88f53,ratio-04.yaml,19,adversarial-3,adversarial,1.13992440700531,0.5986328125,0.31298828125
run-20260923-235023-d88f53,ratio-04.yaml,19,normal-0,normal,1.13992440700531,0.5986328125,0.31298828125
run-20260923-235023-d88f53,ratio-04.yaml,19,normal-1,normal,1.13992440700531,0.5986328125,0.31298828125
run-20260923-235023-d88f53,ratio-04.yaml,19,normal-2,normal,1.13992440700531,0.5986328125,0.31298828125
run-20260923-235023-d88f53,ratio-04.yaml,19,normal-3,normal,1.13992440700531,0.5986328125,0.31298828125
run-20260923-235023-d88f53,ratio-04.yaml,19,normal-4,normal,1.13992440700531,0.5986328125,0.31298828125
run-20260923-235023-d88f53,ratio-04.yaml,19,normal-5,normal,1.13992440700531,0.5986328125,0.31298828125
run-20260923-235023-d88f53,ratio-04.yaml,20,adversarial-0,adversarial,1.1238126754760742,0.624755859375,0.320068359375
run-20260923-235023-d88f53,ratio-04.yaml,20,adversarial-1,adversarial,1.1238126754760742,0.624755859375,0.320068359375
run-20260923-235023-d88f53,ratio-04.yaml,20,adversarial-2,adversarial,1.1238126754760742,0.624755859375,0.320068359375
run-20260923-235023-d88f53,ratio-04.yaml,20,adversarial-3,adversarial,1.1238126754760742,0.624755859375,0.320068359375
run-20260923-235023-d88f53,ratio-04.yaml,20,normal-0,normal,1.1238126754760742,0.624755859375,0.320068359375
run-20260923-235023-d88f53,ratio-04.yaml,20,normal-1,normal,1.1238126754760742,0.624755859375,0.320068359375
run-20260923-235023-d88f53,ratio-04.yaml,20,normal-2,normal,1.1238126754760742,0.624755859375,0.320068359375
run-20260923-235023-d88f53,ratio-04.yaml,20,normal-3,normal,1.1238126754760742,0.624755859375,0.320068359375
run-20260923-235023-d88f53,ratio-04.yaml,20,normal-4,normal,1.1238126754760742,0.624755859375,0.320068359375
run-20260923-235023-d88f53,ratio-04.yaml,20,normal-5,normal,1.1238126754760742,0.624755859375,0.320068359375
run-20260923-235214-7b67b3,ratio-05.yaml,0,adversarial-0,adversarial,1.4023325443267822,0.245849609375,0.3984375
run-20260923-235214-7b67b3,ratio-05.yaml,0,adversarial-1,adversarial,1.4023325443267822,0.245849609375,0.3984375
run-20260923-235214-7b67b3,ratio-05.yaml,0,adversarial-2,adversarial,1.4023325443267822,0.245849609375,0.3984375
run-20260923-235214-7b67b3,ratio-05.yaml,0,adversarial-3,adversarial,1.4023325443267822,0.245849609375,0.3984375
run-20260923-235214-7b67b3,ratio-05.yaml,0,adversarial-4,adversarial,1.4023325443267822,0.245849609375,0.3984375
run-20260923-235214-7b67b3,ratio-05.yaml,0,normal-0,normal,1.4023325443267822,0.245849609375,0.3984375
run-20260923-235214-7b67b3,ratio-05.yaml,0,normal-1,normal,1.4023325443267822,0.245849609375,0.3984375
run-20260923-235214-7b67b3,ratio-05.yaml,0,normal-2,normal,1.4023325443267822,0.245849609375,0.3984375
run-20260923-235214-7b67b3,ratio-05.yaml,0,normal-3,normal,1.4023325443267822,0.245849609375,0.3984375
run-20260923-235214-7b67b3,ratio-05.yaml,0,normal-4,normal,1.4023325443267822,0.245849609375,0.3984375
run-20260923-235214-7b67b3,ratio-05.yaml,1,adversarial-0,adversarial,1.4004472494125366,0.24658203125,0.39892578125
run-20260923-235214-7b67b3,ratio-05.yaml,1,adversarial-1,adversarial,1.4004472494125366,0.24658203125,0.39892578125
run-20260923-235214-7b67b3,ratio-05.yaml,1,adversarial-2,adversarial,1.4004472494125366,0.24658203125,0.39892578125
run-20260923-235214-7b67b3,ratio-05.yaml,1,adversarial-3,adversarial,1.4004472494125366,0.24658203125,0.39892578125
run-20260923-235214-7b67b3,ratio-05.yaml,1,adversarial-4,adversarial,1.4004472494125366,0.24658203125,0.39892578125
run-20260923-235214-7b67b3,ratio-05.yaml,1,normal-0,normal,1.4004472494125366,0.24658203125,0.39892578125
run-20260923-235214-7b67b3,ratio-05.yaml,1,normal-1,normal,1.4004472494125366,0.24658203125,0.39892578125
run-20260923-235214-7b67b3,ratio-05.yaml,1,normal-2,normal,1.4004472494125366,0.24658203125,0.39892578125
run-20260923-235214-7b67b3,ratio-05.yaml,1,normal-3,normal,1.4004472494125366,0.24658203125,0.39892578125
run-20260923-235214-7b67b3,ratio-05.yaml,1,normal-4,normal,1.4004472494125366,0.24658203125,0.39892578125
run-20260923-235214-7b67b3,ratio-05.yaml,2,adversarial-0,adversarial,1.3988763093948364,0.24365234375,0.407470703125
run-20260923-235214-7b67b3,ratio-05.yaml,2,adversarial-1,adversarial,1.3988763093948364,0.24365234375,0.407470703125
run-20260923-235214-7b67b3,ratio-05.yaml,2,adversarial-2,adversarial,1.3988763093948364,0.24365234375,0.407470703125
run-20260923-235214-7b67b3,ratio-05.yaml,2,adversarial-3,adversarial,1.3988763093948364,0.24365234375,0.407470703125
run-20260923-235214-7b67b3,ratio-05.yaml,2,adversarial-4,adversarial,1.3988763093948364,0.24365234375,0.407470703125
run-20260923-235214-7b67b3,ratio-05.yaml,2,normal-0,normal,1.3988763093948364,0.24365234375,0.407470703125
run-20260923-235214-7b67b3,ratio-05.yaml,2,normal-1,normal,1.3988763093948364,0.24365234375,0.407470703125
run-20260923-235214-7b67b3,ratio-05.yaml,2,normal-2,normal,1.3988763093948364,0.24365234375,0.407470703125
run-20260923-235214-7b67b3,ratio-05.yaml,2,normal-3,normal,1.3988763093948364,0.24365234375,0.407470703125
run-20260923-235214-7b67b3,ratio-05.yaml,2,normal-4,normal,1.3988763093948364,0.24365234375,0.407470703125
run-20260923-235214-7b67b3,ratio-05.yaml,3,adversarial-0,adversarial,1.3977196216583252,0.244384765625,0.419677734375
run-20260923-235214-7b67b3,ratio-05.yaml,3,adversarial-1,adversarial,1.3977196216583252,0.244384765625,0.419677734375
run-20260923-235214-7b67b3,ratio-05.yaml,3,adversarial-2,adversarial,1.3977196216583252,0.244384765625,0.419677734375
run-20260923-235214-7b67b3,ratio-05.yaml,3,adversarial-3,adversarial,1.3977196216583252,0.244384765625,0.419677734375
run-20260923-235214-7b67b3,ratio-05.yaml,3,adversarial-4,adversarial,1.3977196216583252,0.244384765625,0.419677734375
run-20260923-235214-7b67b3,ratio-05.yaml,3,normal-0,normal,1.3977196216583252,0.244384765625,0.419677734375
run-20260923-235214-7b67b3,ratio-05.yaml,3,normal-1,normal,1.3977196216583252,0.244384765625,0.419677734375
run-20260923-235214-7b67b3,ratio-05.yaml,3,normal-2,normal,1.3977196216583252,0.244384765625,0.419677734375
run-20260923-235214-7b67b3,ratio-05.yaml,3,normal-3,normal,1.3977196216583252,0.244384765625,0.419677734375
run-20260923-235214-7b67b3,ratio-05.yaml,3,normal-4,normal,1.3977196216583252,0.244384765625,0.419677734375
run-20260923-235214-7b67b3,ratio-05.yaml,4,adversarial-0,adversarial,1.3965922594070435,0.24755859375,0.4287109375
run-20260923-235214-7b67b3,ratio-05.yaml,4,adversarial-1,adversarial,1.3965922594070435,0.24755859375,0.4287109375
run-20260923-235214-7b67b3,ratio-05.yaml,4,adversarial-2,adversarial,1.3965922594070435,0.24755859375,0.4287109375
run-20260923-235214-7b67b3,ratio-05.yaml,4,adversarial-3,adversarial,1.3965922594070435,0.24755859375,0.4287109375
run-20260923-235214-7b67b3,ratio-05.yaml,4,adversarial-4,adversarial,1.3965922594070435,0.24755859375,0.4287109375
run-20260923-235214-7b67b3,ratio-05.yaml,4,normal-0,normal,1.3965922594070435,0.24755859375,0.4287109375
run-20260923-235214-7b67b3,ratio-05.yaml,4,normal-1,normal,1.3965922594070435,0.24755859375,0.4287109375
run-20260923-235214-7b67b3,ratio-05.yaml,4,normal-2,normal,1.3965922594070435,0.24755859375,0.4287109375
run-20260923-235214-7b67b3,ratio-05.yaml,4,normal-3,normal,1.3965922594070435,0.24755859375,0.4287109375
run-20260923-235214-7b67b3,ratio-05.yaml,4,normal-4,normal,1.3965922594070435,0.24755859375,0.4287109375
run-20260923-235214-7b67b3,ratio-05.yaml,5,adversarial-0,adversarial,1.3963912725448608,0.251708984375,0.432373046875
run-20260923-235214-7b67b3,ratio-05.yaml,5,adversarial-1,adversarial,1.3963912725448608,0.251708984375,0.432373046875
run-20260923-235214-7b67b3,ratio-05.yaml,5,adversarial-2,adversarial,1.3963912725448608,0.251708984375,0.432373046875
run-20260923-235214-7b67b3,ratio-05.yaml,5,adversarial-3,adversarial,1.3963912725448608,0.251708984375,0.432373046875
run-20260923-235214-7b67b3,ratio-05.yaml,5,adversarial-4,adversarial,1.3963912725448608,0.251708984375,0.432373046875
run-20260923-235214-7b67b3,ratio-05.yaml,5,normal-0,normal,1.3963912725448608,0.251708984375,0.432373046875
run-20260923-235214-7b67b3,ratio-05.yaml,5,normal-1,normal,1.3963912725448608,0.251708984375,0.432373046875
run-20260923-235214-7b67b3,ratio-05.yaml,5,normal-2,normal,1.3963912725448608,0.251708984375,0.432373046875
run-20260923-235214-7b67b3,ratio-05.yaml,5,normal-3,normal,1.3963912725448608,0.251708984375,0.432373046875
run-20260923-235214-7b67b3,ratio-05.yaml,5,normal-4,normal,1.3963912725448608,0.251708984375,0.432373046875
run-20260923-235214-7b67b3,ratio-05.yaml,6,adversarial-0,adversarial,1.3966211080551147,0.2568359375,0.43115234375
run-20260923-235214-7b67b3,ratio-05.yaml,6,adversarial-1,adversarial,1.3966211080551147,0.2568359375,0.43115234375
run-20260923-235214-7b67b3,ratio-05.yaml,6,adversarial-2,adversarial,1.3966211080551147,0.2568359375,0.43115234375
run-20260923-235214-7b67b3,ratio-05.yaml,6,adversarial-3,adversarial,1.3966211080551147,0.2568359375,0.43115234375
run-20260923-235214-7b67b3,ratio-05.yaml,6,adversarial-4,adversarial,1.3966211080551147,0.2568359375,0.43115234375
run-20260923-235214-7b67b3,ratio-05.yaml,6,normal-0,normal,1.3966211080551147,0.2568359375,0.43115234375
run-20260923-235214-7b67b3,ratio-05.yaml,6,normal-1,normal,1.3966211080551147,0.2568359375,0.43115234375
run-20260923-235214-7b67b3,ratio-05.yaml,6,normal-2,normal,1.3966211080551147,0.2568359375,0.43115234375
run-20260923-235214-7b67b3,ratio-05.yaml,6,normal-3,normal,1.3966211080551147,0.2568359375,0.43115234375
run-20260923-235214-7b67b3,ratio-05.yaml,6,normal-4,normal,1.3966211080551147,0.2568359375,0.43115234375
run-20260923-235214-7b67b3,ratio-05.yaml,7,adversarial-0,adversarial,1.3971524238586426,0.255126953125,0.4296875
run-20260923-235214-7b67b3,ratio-05.yaml,7,adversarial-1,adversarial,1.3971524238586426,0.255126953125,0.4296875
run-20260923-235214-7b67b3,ratio-05.yaml,7,adversarial-2,adversarial,1.3971524238586426,0.255126953125,0.4296875
run-20260923-235214-7b67b3,ratio-05.yaml,7,adversarial-3,adversarial,1.3971524238586426,0.255126953125,0.4296875
run-20260923-235214-7b67b3,ratio-05.yaml,7,adversarial-4,adversarial,1.3971524238586426,0.255126953125,0.4296875
run-20260923-235214-7b67b3,ratio-05.yaml,7,normal-0,normal,1.3971524238586426,0.255126953125,0.4296875
run-20260923-235214-7b67b3,ratio-05.yaml,7,normal-1,normal,1.3971524238586426,0.255126953125,0.4296875
run-20260923-235214-7b67b3,ratio-05.yaml,7,normal-2,normal,1.3971524238586426,0.255126953125,0.4296875
run-20260923-235214-7b67b3,ratio-05.yaml,7,normal-3,normal,1.3971524238586426,0.255126953125,0.4296875
run-20260923-235214-7b67b3,ratio-05.yaml,7,normal-4,normal,1.3971524238586426,0.255126953125,0.4296875
run-20260923-235214-7b67b3,ratio-05.yaml,8,adversarial-0,adversarial,1.3980083465576172,0.254150390625,0.42822265625
run-20260923-235214-7b67b3,ratio-05.yaml,8,adversarial-1,adversarial,1.3980083465576172,0.254150390625,0.42822265625
run-20260923-235214-7b67b3,ratio-05.yaml,8,adversarial-2,adversarial,1.3980083465576172,0.254150390625,0.42822265625
run-20260923-235214-7b67b3,ratio-05.yaml,8,adversarial-3,adversarial,1.3980083465576172,0.254150390625,0.42822265625
run-20260923-235214-7b67b3,ratio-05.yaml,8,adversarial-4,adversarial,1.3980083465576172,0.254150390625,0.42822265625
run-20260923-235214-7b67b3,ratio-05.yaml,8,normal-0,normal,1.3980083465576172,0.254150390625,0.42822265625
run-20260923-235214-7b67b3,ratio-05.yaml,8,normal-1,normal,1.3980083465576172,0.254150390625,0.42822265625
run-20260923-235214-7b67b3,ratio-05.yaml,8,normal-2,normal,1.3980083465576172,0.254150390625,0.42822265625
run-20260923-235214-7b67b3,ratio-05.yaml,8,normal-3,normal,1.3980083465576172,0.254150390625,0.42822265625
run-20260923-235214-7b67b3,ratio-05.yaml,8,normal-4,normal,1.3980083465576172,0.254150390625,0.42822265625
run-20260923-235214-7b67b3,ratio-05.yaml,9,adversarial-0,adversarial,1.3985470533370972,0.253173828125,0.4267578125
run-20260923-235214-7b67b3,ratio-05.yaml,9,adversarial-1,adversarial,1.3985470533370972,0.253173828125,0.4267578125
run-20260923-235214-7b67b3,ratio-05.yaml,9,adversarial-2,adversarial,1.3985470533370972,0.253173828125,0.4267578125
run-20260923-235214-7b67b3,ratio-05.yaml,9,adversarial-3,adversarial,1.3985470533370972,0.253173828125,0.4267578125
run-20260923-235214-7b67b3,ratio-05.yaml,9,adversarial-4,adversarial,1.3985470533370972,0.253173828125,0.4267578125
run-20260923-235214-7b67b3,ratio-05.yaml,9,normal-0,normal,1.3985470533370972,0.253173828125,0.4267578125
run-20260923-235214-7b67b3,ratio-05.yaml,9,normal-1,normal,1.3985470533370972,0.253173828125,0.4267578125
run-20260923-235214-7b67b3,ratio-05.yaml,9,normal-2,normal,1.3985470533370972,0.253173828125,0.4267578125
run-20260923-235214-7b67b3,ratio-05.yaml,9,normal-3,normal,1.3985470533370972,0.253173828125,0.4267578125
run-20260923-235214-7b67b3,ratio-05.yaml,9,normal-4,normal,1.3985470533370972,0.253173828125,0.4267578125
run-20260923-235214-7b67b3,ratio-05.yaml,10,adversarial-0,adversarial,1.399303913116455,0.248291015625,0.4248046875
run-20260923-235214-7b67b3,ratio-05.yaml,10,adversarial-1,adversarial,1.399303913116455,0.248291015625,0.4248046875
run-20260923-235214-7b67b3,ratio-05.yaml,10,adversarial-2,adversarial,1.399303913116455,0.248291015625,0.4248046875
run-20260923-235214-7b67b3,ratio-05.yaml,10,adversarial-3,adversarial,1.399303913116455,0.248291015625,0.4248046875
run-20260923-235214-7b67b3,ratio-05.yaml,10,adversarial-4,adversarial,1.399303913116455,0.248291015625,0.4248046875
run-20260923-235214-7b67b3,ratio-05.yaml,10,normal-0,normal,1.399303913116455,0.248291015625,0.4248046875
run-20260923-235214-7b67b3,ratio-05.yaml,10,normal-1,normal,1.399303913116455,0.248291015625,0.4248046875
run-20260923-235214-7b67b3,ratio-05.yaml,10,normal-2,normal,1.399303913116455,0.248291015625,0.4248046875
run-20260923-235214-7b67b3,ratio-05.yaml,10,normal-3,normal,1.399303913116455,0.248291015625,0.4248046875
run-20260923-235214-7b67b3,ratio-05.yaml,10,normal-4,normal,1.399303913116455,0.248291015625,0.4248046875
run-20260923-235214-7b67b3,ratio-05.yaml,11,adversarial-0,adversarial,1.3998833894729614,0.240478515625,0.42236328125
run-20260923-235214-7b67b3,ratio-05.yaml,11,adversarial-1,adversarial,1.3998833894729614,0.240478515625,0.42236328125
run-20260923-235214-7b67b3,ratio-05.yaml,11,adversarial-2,adversarial,1.3998833894729614,0.240478515625,0.42236328125
run-20260923-235214-7b67b3,ratio-05.yaml,11,adversarial-3,adversarial,1.3998833894729614,0.240478515625,0.42236328125
run-20260923-235214-7b67b3,ratio-05.yaml,11,adversarial-4,adversarial,1.3998833894729614,0.240478515625,0.42236328125
run-20260923-235214-7b67b3,ratio-05.yaml,11,normal-0,normal,1.3998833894729614,0.240478515625,0.42236328125
run-20260923-235214-7b67b3,ratio-05.yaml,11,normal-1,normal,1.3998833894729614,0.240478515625,0.42236328125
run-20260923-235214-7b67b3,ratio-05.yaml,11,normal-2,normal,1.3998833894729614,0.240478515625,0.42236328125
run-20260923-235214-7b67b3,ratio-05.yaml,11,normal-3,normal,1.3998833894729614,0.240478515625,0.42236328125
run-20260923-235214-7b67b3,ratio-05.yaml,11,normal-4,normal,1.3998833894729614,0.240478515625,0.42236328125
run-20260923-235214-7b67b3,ratio-05.yaml,12,adversarial-0,adversarial,1.4000000953674316,0.23193359375,0.42236328125
run-20260923-235214-7b67b3,ratio-05.yaml,12,adversarial-1,adversarial,1.4000000953674316,0.23193359375,0.42236328125
run-20260923-235214-7b67b3,ratio-05.yaml,12,adversarial-2,adversarial,1.4000000953674316,0.23193359375,0.42236328125
run-20260923-235214-7b67b3,ratio-05.yaml,12,adversarial-3,adversarial,1.4000000953674316,0.23193359375,0.42236328125
run-20260923-235214-7b67b3,ratio-05.yaml,12,adversarial-4,adversarial,1.4000000953674316,0.23193359375,0.42236328125
run-20260923-235214-7b67b3,ratio-05.yaml,12,normal-0,normal,1.4000000953674316,0.23193359375,0.42236328125
run-20260923-235214-7b67b3,ratio-05.yaml,12,normal-1,normal,1.4000000953674316,0.23193359375,0.42236328125
run-20260923-235214-7b67b3,ratio-05.yaml,12,normal-2,normal,1.4000000953674316,0.23193359375,0.42236328125
run-20260923-235214-7b67b3,ratio-05.yaml,12,normal-3,normal,1.4000000953674316,0.23193359375,0.42236328125
run-20260923-235214-7b67b3,ratio-05.yaml,12,normal-4,normal,1.4000000953674316,0.23193359375,0.42236328125
run-20260923-235214-7b67b3,ratio-05.yaml,13,adversarial-0,adversarial,1.4000457525253296,0.224609375,0.41748046875
run-20260923-235214-7b67b3,ratio-05.yaml,13,adversarial-1,adversarial,1.4000457525253296,0.224609375,0.41748046875
run-20260923-235214-7b67b3,ratio-05.yaml,13,adversarial-2,adversarial,1.4000457525253296,0.224609375,0.41748046875
run-20260923-235214-7b67b3,ratio-05.yaml,13,adversarial-3,adversarial,1.4000457525253296,0.224609375,0.41748046875
run-20260923-235214-7b67b3,ratio-05.yaml,13,adversarial-4,adversarial,1.4000457525253296,0.224609375,0.41748046875
run-20260923-235214-7b67b3,ratio-05.yaml,13,normal-0,normal,1.4000457525253296,0.224609375,0.41748046875
run-20260923-235214-7b67b3,ratio-05.yaml,13,normal-1,normal,1.4000457525253296,0.224609375,0.41748046875
run-20260923-235214-7b67b3,ratio-05.yaml,13,normal-2,normal,1.4000457525253296,0.224609375,0.41748046875
run-20260923-235214-7b67b3,ratio-05.yaml,13,normal-3,normal,1.4000457525253296,0.224609375,0.41748046875
run-20260923-235214-7b67b3,ratio-05.yaml,13,normal-4,normal,1.4000457525253296,0.224609375,0.41748046875
run-20260923-235214-7b67b3,ratio-05.yaml,14,adversarial-0,adversarial,1.4001939296722412,0.21826171875,0.419189453125
run-20260923-235214-7b67b3,ratio-05.yaml,14,adversarial-1,adversarial,1.4001939296722412,0.21826171875,0.419189453125
run-20260923-235214-7b67b3,ratio-05.yaml,14,adversarial-2,adversarial,1.4001939296722412,0.21826171875,0.419189453125
run-20260923-235214-7b67b3,ratio-05.yaml,14,adversarial-3,adversarial,1.4001939296722412,0.21826171875,0.419189453125
run-20260923-235214-7b67b3,ratio-05.yaml,14,adversarial-4,adversarial,1.4001939296722412,0.21826171875,0.419189453125
run-20260923-235214-7b67b3,ratio-05.yaml,14,normal-0,normal,1.4001939296722412,0.21826171875,0.419189453125
run-20260923-235214-7b67b3,ratio-05.yaml,14,normal-1,normal,1.4001939296722412,0.21826171875,0.419189453125
run-20260923-235214-7b67b3,ratio-05.yaml,14,normal-2,normal,1.4001939296722412,0.21826171875,0.419189453125
run-20260923-235214-7b67b3,ratio-05.yaml,14,normal-3,normal,1.4001939296722412,0.21826171875,0.419189453125
run-20260923-235214-7b67b3,ratio-05.yaml,14,normal-4,normal,1.4001939296722412,0.21826171875,0.419189453125
run-20260923-235214-7b67b3,ratio-05.yaml,15,adversarial-0,adversarial,1.4000695943832397,0.21435546875,0.42138671875
run-20260923-235214-7b67b3,ratio-05.yaml,15,adversarial-1,adversarial,1.4000695943832397,0.21435546875,0.42138671875
run-20260923-235214-7b67b3,ratio-05.yaml,15,adversarial-2,adversarial,1.4000695943832397,0.21435546875,0.42138671875
run-20260923-235214-7b67b3,ratio-05.yaml,15,adversarial-3,adversarial,1.4000695943832397,0.21435546875,0.42138671875
run-20260923-235214-7b67b3,ratio-05.yaml,15,adversarial-4,adversarial,1.4000695943832397,0.21435546875,0.42138671875
run-20260923-235214-7b67b3,ratio-05.yaml,15,normal-0,normal,1.4000695943832397,0.21435546875,0.42138671875
run-20260923-235214-7b67b3,ratio-05.yaml,15,normal-1,normal,1.4000695943832397,0.21435546875,0.42138671875
run-20260923-235214-7b67b3,ratio-05.yaml,15,normal-2,normal,1.4000695943832397,0.21435546875,0.42138671875
run-20260923-235214-7b67b3,ratio-05.yaml,15,normal-3,normal,1.4000695943832397,0.21435546875,0.42138671875
run-20260923-235214-7b67b3,ratio-05.yaml,15,normal-4,normal,1.4000695943832397,0.21435546875,0.42138671875
run-20260923-235214-7b67b3,ratio-05.yaml,16,adversarial-0,adversarial,1.3995862007141113,0.208251953125,0.429931640625
run-20260923-235214-7b67b3,ratio-05.yaml,16,adversarial-1,adversarial,1.3995862007141113,0.208251953125,0.429931640625
run-20260923-235214-7b67b3,ratio-05.yaml,16,adversarial-2,adversarial,1.3995862007141113,0.208251953125,0.429931640625
run-20260923-235214-7b67b3,ratio-05.yaml,16,adversarial-3,adversarial,1.3995862007141113,0.208251953125,0.429931640625
run-20260923-235214-7b67b3,ratio-05.yaml,16,adversarial-4,adversarial,1.3995862007141113,0.208251953125,0.429931640625
run-20260923-235214-7b67b3,ratio-05.yaml,16,normal-0,normal,1.3995862007141113,0.208251953125,0.429931640625
run-20260923-235214-7b67b3,ratio-05.yaml,16,normal-1,normal,1.3995862007141113,0.208251953125,0.429931640625
run-20260923-235214-7b67b3,ratio-05.yaml,16,normal-2,normal,1.3995862007141113,0.208251953125,0.429931640625
run-20260923-235214-7b67b3,ratio-05.yaml,16,normal-3,normal,1.3995862007141113,0.208251953125,0.429931640625
run-20260923-235214-7b67b3,ratio-05.yaml,16,normal-4,normal,1.3995862007141113,0.208251953125,0.429931640625
run-20260923-235214-7b67b3,ratio-05.yaml,17,adversarial-0,adversarial,1.4007903337478638,0.205322265625,0.438720703125
run-20260923-235214-7b67b3,ratio-05.yaml,17,adversarial-1,adversarial,1.4007903337478638,0.205322265625,0.438720703125
run-20260923-235214-7b67b3,ratio-05.yaml,17,adversarial-2,adversarial,1.4007903337478638,0.205322265625,0.438720703125
run-20260923-235214-7b67b3,ratio-05.yaml,17,adversarial-3,adversarial,1.4007903337478638,0.205322265625,0.438720703125
run-20260923-235214-7b67b3,ratio-05.yaml,17,adversarial-4,adversarial,1.4007903337478638,0.205322265625,0.438720703125
run-20260923-235214-7b67b3,ratio-05.yaml,17,normal-0,normal,1.4007903337478638,0.205322265625,0.438720703125
run-20260923-235214-7b67b3,ratio-05.yaml,17,normal-1,normal,1.4007903337478638,0.205322265625,0.438720703125
run-20260923-235214-7b67b3,ratio-05.yaml,17,normal-2,normal,1.4007903337478638,0.205322265625,0.438720703125
run-20260923-235214-7b67b3,ratio-05.yaml,17,normal-3,normal,1.4007903337478638,0.205322265625,0.438720703125
run-20260923-235214-7b67b3,ratio-05.yaml,17,normal-4,normal,1.4007903337478638,0.205322265625,0.438720703125
run-20260923-235214-7b67b3,ratio-05.yaml,18,adversarial-0,adversarial,1.4019722938537598,0.206787109375,0.447509765625
run-20260923-235214-7b67b3,ratio-05.yaml,18,adversarial-1,adversarial,1.4019722938537598,0.206787109375,0.447509765625
run-20260923-235214-7b67b3,ratio-05.yaml,18,adversarial-2,adversarial,1.4019722938537598,0.206787109375,0.447509765625
run-20260923-235214-7b67b3,ratio-05.yaml,18,adversarial-3,adversarial,1.4019722938537598,0.206787109375,0.447509765625
run-20260923-235214-7b67b3,ratio-05.yaml,18,adversarial-4,adversarial,1.4019722938537598,0.206787109375,0.447509765625
run-20260923-235214-7b67b3,ratio-05.yaml,18,normal-0,normal,1.4019722938537598,0.206787109375,0.447509765625
run-20260923-235214-7b67b3,ratio-05.yaml,18,normal-1,normal,1.4019722938537598,0.206787109375,0.447509765625
run-20260923-235214-7b67b3,ratio-05.yaml,18,normal-2,normal,1.4019722938537598,0.206787109375,0.447509765625
run-20260923-235214-7b67b3,ratio-05.yaml,18,normal-3,normal,1.4019722938537598,0.206787109375,0.447509765625
run-20260923-235214-7b67b3,ratio-05.yaml,18,normal-4,normal,1.4019722938537598,0.206787109375,0.447509765625
run-20260923-235214-7b67b3,ratio-05.yaml,19,adversarial-0,adversarial,1.4023338556289673,0.21044921875,0.45849609375
run-20260923-235214-7b67b3,ratio-05.yaml,19,adversarial-1,adversarial,1.4023338556289673,0.21044921875,0.45849609375
run-20260923-235214-7b67b3,ratio-05.yaml,19,adversarial-2,adversarial,1.4023338556289673,0.21044921875,0.45849609375
run-20260923-235214-7b67b3,ratio-05.yaml,19,adversarial-3,adversarial,1.4023338556289673,0.21044921875,0.45849609375
run-20260923-235214-7b67b3,ratio-05.yaml,19,adversarial-4,adversarial,1.4023338556289673,0.21044921875,0.45849609375
run-20260923-235214-7b67b3,ratio-05.yaml,19,normal-0,normal,1.4023338556289673,0.21044921875,0.45849609375
run-20260923-235214-7b67b3,ratio-05.yaml,19,normal-1,normal,1.4023338556289673,0.21044921875,0.45849609375
run-20260923-235214-7b67b3,ratio-05.yaml,19,normal-2,normal,1.4023338556289673,0.21044921875,0.45849609375
run-20260923-235214-7b67b3,ratio-05.yaml,19,normal-3,normal,1.4023338556289673,0.21044921875,0.45849609375
run-20260923-235214-7b67b3,ratio-05.yaml,19,normal-4,normal,1.4023338556289673,0.21044921875,0.45849609375
run-20260923-235214-7b67b3,ratio-05.yaml,20,adversarial-0,adversarial,1.4022194147109985,0.211181640625,0.46337890625
run-20260923-235214-7b67b3,ratio-05.yaml,20,adversarial-1,adversarial,1.4022194147109985,0.211181640625,0.46337890625
run-20260923-235214-7b67b3,ratio-05.yaml,20,adversarial-2,adversarial,1.4022194147109985,0.211181640625,0.46337890625
run-20260923-235214-7b67b3,ratio-05.yaml,20,adversarial-3,adversarial,1.4022194147109985,0.211181640625,0.46337890625
run-20260923-235214-7b67b3,ratio-05.yaml,20,adversarial-4,adversarial,1.4022194147109985,0.211181640625,0.46337890625
run-20260923-235214-7b67b3,ratio-05.yaml,20,normal-0,normal,1.4022194147109985,0.211181640625,0.46337890625
run-20260923-235214-7b67b3,ratio-05.yaml,20,normal-1,normal,1.4022194147109985,0.211181640625,0.46337890625
run-20260923-235214-7b67b3,ratio-05.yaml,20,normal-2,normal,1.4022194147109985,0.211181640625,0.46337890625
run-20260923-235214-7b67b3,ratio-05.yaml,20,normal-3,normal,1.4022194147109985,0.211181640625,0.46337890625
run-20260923-235214-7b67b3,ratio-05.yaml,20,normal-4,normal,1.4022194147109985,0.211181640625,0.46337890625
run-20260923-235405-0be806,ratio-06.yaml,0,adversarial-0,adversarial,1.4023325443267822,0.245849609375,0.3984375
run-20260923-235405-0be806,ratio-06.yaml,0,adversarial-1,adversarial,1.4023325443267822,0.245849609375,0.3984375
run-20260923-235405-0be806,ratio-06.yaml,0,adversarial-2,adversarial,1.4023325443267822,0.245849609375,0.3984375
run-20260923-235405-0be806,ratio-06.yaml,0,adversarial-3,adversarial,1.4023325443267822,0.245849609375,0.3984375
run-20260923-235405-0be806,ratio-06.yaml,0,adversarial-4,adversarial,1.4023325443267822,0.245849609375,0.3984375
run-20260923-235405-0be806,ratio-06.yaml,0,adversarial-5,adversarial,1.4023325443267822,0.245849609375,0.3984375
run-20260923-235405-0be806,ratio-06.yaml,0,normal-0,normal,1.4023325443267822,0.245849609375,0.3984375
run-20260923-235405-0be806,ratio-06.yaml,0,normal-1,normal,1.4023325443267822,0.245849609375,0.3984375
run-20260923-235405-0be806,ratio-06.yaml,0,normal-2,normal,1.4023325443267822,0.245849609375,0.3984375
run-20260923-235405-0be806,ratio-06.yaml,0,normal-3,normal,1.4023325443267822,0.245849609375,0.3984375
run-20260923-235405-0be806,ratio-06.yaml,1,adversarial-0,adversarial,1.4037810564041138,0.2451171875,0.40380859375
run-20260923-235405-0be806,ratio-06.yaml,1,adversarial-1,adversarial,1.4037810564041138,0.2451171875,0.40380859375
run-20260923-235405-0be806,ratio-06.yaml,1,adversarial-2,adversarial,1.4037810564041138,0.2451171875,0.40380859375
run-20260923-235405-0be806,ratio-06.yaml,1,adversarial-3,adversarial,1.4037810564041138,0.2451171875,0.40380859375
run-20260923-235405-0be806,ratio-06.yaml,1,adversarial-4,adversarial,1.4037810564041138,0.2451171875,0.40380859375
run-20260923-235405-0be806,ratio-06.yaml,1,adversarial-5,adversarial,1.4037810564041138,0.2451171875,0.40380859375
run-20260923-235405-0be806,ratio-06.yaml,1,normal-0,normal,1.4037810564041138,0.2451171875,0.40380859375
run-20260923-235405-0be806,ratio-06.yaml,1,normal-1,normal,1.4037810564041138,0.2451171875,0.40380859375
run-20260923-235405-0be806,ratio-06.yaml,1,normal-2,normal,1.4037810564041138,0.2451171875,0.40380859375
run-20260923-235405-0be806,ratio-06.yaml,1,normal-3,normal,1.4037810564041138,0.2451171875,0.40380859375
run-20260923-235405-0be806,ratio-06.yaml,2,adversarial-0,adversarial,1.408247709274292,0.2412109375,0.410888671875
run-20260923-235405-0be806,ratio-06.yaml,2,adversarial-1,adversarial,1.408247709274292,0.2412109375,0.410888671875
run-20260923-235405-0be806,ratio-06.yaml,2,adversarial-2,adversarial,1.408247709274292,0.2412109375,0.410888671875
run-20260923-235405-0be806,ratio-06.yaml,2,adversarial-3,adversarial,1.408247709274292,0.2412109375,0.410888671875
run-20260923-235405-0be806,ratio-06.yaml,2,adversarial-4,adversarial,1.408247709274292,0.2412109375,0.410888671875
run-20260923-235405-0be806,ratio-06.yaml,2,adversarial-5,adversarial,1.408247709274292,0.2412109375,0.410888671875
run-20260923-235405-0be806,ratio-06.yaml,2,normal-0,normal,1.408247709274292,0.2412109375,0.410888671875
run-20260923-235405-0be806,ratio-06.yaml,2,normal-1,normal,1.408247709274292,0.2412109375,0.410888671875
run-20260923-235405-0be806,ratio-06.yaml,2,normal-2,normal,1.408247709274292,0.2412109375,0.410888671875
run-20260923-235405-0be806,ratio-06.yaml,2,normal-3,normal,1.408247709274292,0.2412109375,0.410888671875
run-20260923-235405-0be806,ratio-06.yaml,3,adversarial-0,adversarial,1.4154562950134277,0.23876953125,0.420166015625
run-20260923-235405-0be806,ratio-06.yaml,3,adversarial-1,adversarial,1.4154562950134277,0.23876953125,0.420166015625
run-20260923-235405-0be806,ratio-06.yaml,3,adversarial-2,adversarial,1.4154562950134277,0.23876953125,0.420166015625
run-20260923-235405-0be806,ratio-06.yaml,3,adversarial-3,adversarial,1.4154562950134277,0.23876953125,0.420166015625
run-20260923-235405-0be806,ratio-06.yaml,3,adversarial-4,adversarial,1.4154562950134277,0.23876953125,0.420166015625
run-20260923-235405-0be806,ratio-06.yaml,3,adversarial-5,adversarial,1.4154562950134277,0.23876953125,0.420166015625
run-20260923-235405-0be806,ratio-06.yaml,3,normal-0,normal,1.4154562950134277,0.23876953125,0.420166015625
run-20260923-235405-0be806,ratio-06.yaml,3,normal-1,normal,1.4154562950134277,0.23876953125,0.420166015625
run-20260923-235405-0be806,ratio-06.yaml,3,normal-2,normal,1.4154562950134277,0.23876953125,0.420166015625
run-20260923-235405-0be806,ratio-06.yaml,3,normal-3,normal,1.4154562950134277,0.23876953125,0.420166015625
run-20260923-235405-0be806,ratio-06.yaml,4,adversarial-0,adversarial,1.4244102239608765,0.235107421875,0.428955078125
run-20260923-235405-0be806,ratio-06.yaml,4,adversarial-1,adversarial,1.4244102239608765,0.235107421875,0.428955078125
run-20260923-235405-0be806,ratio-06.yaml,4,adversarial-2,adversarial,1.4244102239608765,0.235107421875,0.428955078125
run-20260923-235405-0be806,ratio-06.yaml,4,adversarial-3,adversarial,1.4244102239608765,0.235107421875,0.428955078125
run-20260923-235405-0be806,ratio-06.yaml,4,adversarial-4,adversarial,1.4244102239608765,0.235107421875,0.428955078125
run-20260923-235405-0be806,ratio-06.yaml,4,adversarial-5,adversarial,1.4244102239608765,0.235107421875,0.428955078125
run-20260923-235405-0be806,ratio-06.yaml,4,normal-0,normal,1.4244102239608765,0.235107421875,0.428955078125
run-20260923-235405-0be806,ratio-06.yaml,4,normal-1,normal,1.4244102239608765,0.235107421875,0.428955078125
run-20260923-235405-0be806,ratio-06.yaml,4,normal-2,normal,1.4244102239608765,0.235107421875,0.428955078125
run-20260923-235405-0be806,ratio-06.yaml,4,normal-3,normal,1.4244102239608765,0.235107421875,0.428955078125
run-20260923-235405-0be806,ratio-06.yaml,5,adversarial-0,adversarial,1.435739278793335,0.230224609375,0.43310546875
run-20260923-235405-0be806,ratio-06.yaml,5,adversarial-1,adversarial,1.435739278793335,0.230224609375,0.43310546875
run-20260923-235405-0be806,ratio-06.yaml,5,adversarial-2,adversarial,1.435739278793335,0.230224609375,0.43310546875
run-20260923-235405-0be806,ratio-06.yaml,5,adversarial-3,adversarial,1.435739278793335,0.230224609375,0.43310546875
run-20260923-235405-0be806,ratio-06.yaml,5,adversarial-4,adversarial,1.435739278793335,0.230224609375,0.43310546875
run-20260923-235405-0be806,ratio-06.yaml,5,adversarial-5,adversarial,1.435739278793335,0.230224609375,0.43310546875
run-20260923-235405-0be806,ratio-06.yaml,5,normal-0,normal,1.435739278793335,0.230224609375,0.43310546875
run-20260923-235405-0be806,ratio-06.yaml,5,normal-1,normal,1.435739278793335,0.230224609375,0.43310546875
run-20260923-235405-0be806,ratio-06.yaml,5,normal-2,normal,1.435739278793335,0.230224609375,0.43310546875
run-20260923-235405-0be806,ratio-06.yaml,5,normal-3,normal,1.435739278793335,0.230224609375,0.43310546875
run-20260923-235405-0be806,ratio-06.yaml,6,adversarial-0,adversarial,1.4479522705078125,0.229248046875,0.429931640625
run-20260923-235405-0be806,ratio-06.yaml,6,adversarial-1,adversarial,1.4479522705078125,0.229248046875,0.429931640625
run-20260923-235405-0be806,ratio-06.yaml,6,adversarial-2,adversarial,1.4479522705078125,0.229248046875,0.429931640625
run-20260923-235405-0be806,ratio-06.yaml,6,adversarial-3,adversarial,1.4479522705078125,0.229248046875,0.429931640625
run-20260923-235405-0be806,ratio-06.yaml,6,adversarial-4,adversarial,1.4479522705078125,0.229248046875,0.429931640625
run-20260923-235405-0be806,ratio-06.yaml,6,adversarial-5,adversarial,1.4479522705078125,0.229248046875,0.429931640625
run-20260923-235405-0be806,ratio-06.yaml,6,normal-0,normal,1.4479522705078125,0.229248046875,0.429931640625
run-20260923-235405-0be806,ratio-06.yaml,6,normal-1,normal,1.4479522705078125,0.229248046875,0.429931640625
run-20260923-235405-0be806,ratio-06.yaml,6,normal-2,normal,1.4479522705078125,0.229248046875,0.429931640625
run-20260923-235405-0be806,ratio-06.yaml,6,normal-3,normal,1.4479522705078125,0.229248046875,0.429931640625
run-20260923-235405-0be806,ratio-06.yaml,7,adversarial-0,adversarial,1.462303638458252,0.224365234375,0.426025390625
run-20260923-235405-0be806,ratio-06.yaml,7,adversarial-1,adversarial,1.462303638458252,0.224365234375,0.426025390625
run-20260923-235405-0be806,ratio-06.yaml,7,adversarial-2,adversarial,1.462303638458252,0.224365234375,0.426025390625
run-20260923-235405-0be806,ratio-06.yaml,7,adversarial-3,adversarial,1.462303638458252,0.224365234375,0.426025390625
run-20260923-235405-0be806,ratio-06.yaml,7,adversarial-4,adversarial,1.462303638458252,0.224365234375,0.426025390625
run-20260923-235405-0be806,ratio-06.yaml,7,adversarial-5,adversarial,1.462303638458252,0.224365234375,0.426025390625
run-20260923-235405-0be806,ratio-06.yaml,7,normal-0,normal,1.462303638458252,0.224365234375,0.426025390625
run-20260923-235405-0be806,ratio-06.yaml,7,normal-1,normal,1.462303638458252,0.224365234375,0.426025390625
run-20260923-235405-0be806,ratio-06.yaml,7,normal-2,normal,1.462303638458252,0.224365234375,0.426025390625
run-20260923-235405-0be806,ratio-06.yaml,7,normal-3,normal,1.462303638458252,0.224365234375,0.426025390625
run-20260923-235405-0be806,ratio-06.yaml,8,adversarial-0,adversarial,1.478864312171936,0.21826171875,0.424560546875
run-20260923-235405-0be806,ratio-06.yaml,8,adversarial-1,adversarial,1.478864312171936,0.21826171875,0.424560546875
run-20260923-235405-0be806,ratio-06.yaml,8,adversarial-2,adversarial,1.478864312171936,0.21826171875,0.424560546875
run-20260923-235405-0be806,ratio-06.yaml,8,adversarial-3,adversarial,1.478864312171936,0.21826171875,0.424560546875
run-20260923-235405-0be806,ratio-06.yaml,8,adversarial-4,adversarial,1.478864312171936,0.21826171875,0.424560546875
run-20260923-235405-0be806,ratio-06.yaml,8,adversarial-5,adversarial,1.478864312171936,0.21826171875,0.424560546875
run-20260923-235405-0be806,ratio-06.yaml,8,normal-0,normal,1.478864312171936,0.21826171875,0.424560546875
run-20260923-235405-0be806,ratio-06.yaml,8,normal-1,normal,1.478864312171936,0.21826171875,0.424560546875
run-20260923-235405-0be806,ratio-06.yaml,8,normal-2,normal,1.478864312171936,0.21826171875,0.424560546875
run-20260923-235405-0be806,ratio-06.yaml,8,normal-3,normal,1.478864312171936,0.21826171875,0.424560546875
run-20260923-235405-0be806,ratio-06.yaml,9,adversarial-0,adversarial,1.4971489906311035,0.208984375,0.421875
run-20260923-235405-0be806,ratio-06.yaml,9,adversarial-1,adversarial,1.4971489906311035,0.208984375,0.421875
run-20260923-235405-0be806,ratio-06.yaml,9,adversarial-2,adversarial,1.4971489906311035,0.208984375,0.421875
run-20260923-235405-0be806,ratio-06.yaml,9,adversarial-3,adversarial,1.4971489906311035,0.208984375,0.421875
run-20260923-235405-0be806,ratio-06.yaml,9,adversarial-4,adversarial,1.4971489906311035,0.208984375,0.421875
run-20260923-235405-0be806,ratio-06.yaml,9,adversarial-5,adversarial,1.4971489906311035,0.208984375,0.421875
run-20260923-235405-0be806,ratio-06.yaml,9,normal-0,normal,1.4971489906311035,0.208984375,0.421875
run-20260923-235405-0be806,ratio-06.yaml,9,normal-1,normal,1.4971489906311035,0.208984375,0.421875
run-20260923-235405-0be806,ratio-06.yaml,9,normal-2,normal,1.4971489906311035,0.208984375,0.421875
run-20260923-235405-0be806,ratio-06.yaml,9,normal-3,normal,1.4971489906311035,0.208984375,0.421875
run-20260923-235405-0be806,ratio-06.yaml,10,adversarial-0,adversarial,1.5181306600570679,0.19873046875,0.42236328125
run-20260923-235405-0be806,ratio-06.yaml,10,adversarial-1,adversarial,1.5181306600570679,0.19873046875,0.42236328125
run-20260923-235405-0be806,ratio-06.yaml,10,adversarial-2,adversarial,1.5181306600570679,0.19873046875,0.42236328125
run-20260923-235405-0be806,ratio-06.yaml,10,adversarial-3,adversarial,1.5181306600570679,0.19873046875,0.42236328125
run-20260923-235405-0be806,ratio-06.yaml,10,adversarial-4,adversarial,1.5181306600570679,0.19873046875,0.42236328125
run-20260923-235405-0be806,ratio-06.yaml,10,adversarial-5,adversarial,1.5181306600570679,0.19873046875,0.42236328125
run-20260923-235405-0be806,ratio-06.yaml,10,normal-0,normal,1.5181306600570679,0.19873046875,0.42236328125
run-20260923-235405-0be806,ratio-06.yaml,10,normal-1,normal,1.5181306600570679,0.19873046875,0.42236328125
run-20260923-235405-0be806,ratio-06.yaml,10,normal-2,normal,1.5181306600570679,0.19873046875,0.42236328125
run-20260923-235405-0be806,ratio-06.yaml,10,normal-3,normal,1.5181306600570679,0.19873046875,0.42236328125
run-20260923-235405-0be806,ratio-06.yaml,11,adversarial-0,adversarial,1.5403931140899658,0.179443359375,0.41845703125
run-20260923-235405-0be806,ratio-06.yaml,11,adversarial-1,adversarial,1.5403931140899658,0.179443359375,0.41845703125
run-20260923-235405-0be806,ratio-06.yaml,11,adversarial-2,adversarial,1.5403931140899658,0.179443359375,0.41845703125
run-20260923-235405-0be806,ratio-06.yaml,11,adversarial-3,adversarial,1.5403931140899658,0.179443359375,0.41845703125
run-20260923-235405-0be806,ratio-06.yaml,11,adversarial-4,adversarial,1.5403931140899658,0.179443359375,0.41845703125
run-20260923-235405-0be806,ratio-06.yaml,11,adversarial-5,adversarial,1.5403931140899658,0.179443359375,0.41845703125
run-20260923-235405-0be806,ratio-06.yaml,11,normal-0,normal,1.5403931140899658,0.179443359375,0.41845703125
run-20260923-235405-0be806,ratio-06.yaml,11,normal-1,normal,1.5403931140899658,0.179443359375,0.41845703125
run-20260923-235405-0be806,ratio-06.yaml,11,normal-2,normal,1.5403931140899658,0.179443359375,0.41845703125
run-20260923-235405-0be806,ratio-06.yaml,11,normal-3,normal,1.5403931140899658,0.179443359375,0.41845703125
run-20260923-235405-0be806,ratio-06.yaml,12,adversarial-0,adversarial,1.5647597312927246,0.157958984375,0.411376953125
run-20260923-235405-0be806,ratio-06.yaml,12,adversarial-1,adversarial,1.5647597312927246,0.157958984375,0.411376953125
run-20260923-235405-0be806,ratio-06.yaml,12,adversarial-2,adversarial,1.5647597312927246,0.157958984375,0.411376953125
run-20260923-235405-0be806,ratio-06.yaml,12,adversarial-3,adversarial,1.5647597312927246,0.157958984375,0.411376953125
run-20260923-235405-0be806,ratio-06.yaml,12,adversarial-4,adversarial,1.5647597312927246,0.157958984375,0.411376953125
run-20260923-235405-0be806,ratio-06.yaml,12,adversarial-5,adversarial,1.5647597312927246,0.157958984375,0.411376953125
run-20260923-235405-0be806,ratio-06.yaml,12,normal-0,normal,1.5647597312927246,0.157958984375,0.411376953125
run-20260923-235405-0be806,ratio-06.yaml,12,normal-1,normal,1.5647597312927246,0.157958984375,0.411376953125
run-20260923-235405-0be806,ratio-06.yaml,12,normal-2,normal,1.5647597312927246,0.157958984375,0.411376953125
run-20260923-235405-0be806,ratio-06.yaml,12,normal-3,normal,1.5647597312927246,0.157958984375,0.411376953125
run-20260923-235405-0be806,ratio-06.yaml,13,adversarial-0,adversarial,1.5908660888671875,0.137939453125,0.4033203125
run-20260923-235405-0be806,ratio-06.yaml,13,adversarial-1,adversarial,1.5908660888671875,0.137939453125,0.4033203125
run-20260923-235405-0be806,ratio-06.yaml,13,adversarial-2,adversarial,1.5908660888671875,0.137939453125,0.4033203125
run-20260923-235405-0be806,ratio-06.yaml,13,adversarial-3,adversarial,1.5908660888671875,0.137939453125,0.4033203125
run-20260923-235405-0be806,ratio-06.yaml,13,adversarial-4,adversarial,1.5908660888671875,0.137939453125,0.4033203125
run-20260923-235405-0be806,ratio-06.yaml,13,adversarial-5,adversarial,1.5908660888671875,0.137939453125,0.4033203125
run-20260923-235405-0be806,ratio-06.yaml,13,normal-0,normal,1.5908660888671875,0.137939453125,0.4033203125
run-20260923-235405-0be806,ratio-06.yaml,13,normal-1,normal,1.5908660888671875,0.137939453125,0.4033203125
run-20260923-235405-0be806,ratio-06.yaml,13,normal-2,normal,1.5908660888671875,0.137939453125,0.4033203125
run-20260923-235405-0be806,ratio-06.yaml,13,normal-3,normal,1.5908660888671875,0.137939453125,0.4033203125
run-20260923-235405-0be806,ratio-06.yaml,14,adversarial-0,adversarial,1.6186939477920532,0.1123046875,0.4140625
run-20260923-235405-0be806,ratio-06.yaml,14,adversarial-1,adversarial,1.6186939477920532,0.1123046875,0.4140625
run-20260923-235405-0be806,ratio-06.yaml,14,adversarial-2,adversarial,1.6186939477920532,0.1123046875,0.4140625
run-20260923-235405-0be806,ratio-06.yaml,14,adversarial-3,adversarial,1.6186939477920532,0.1123046875,0.4140625
run-20260923-235405-0be806,ratio-06.yaml,14,adversarial-4,adversarial,1.6186939477920532,0.1123046875,0.4140625
run-20260923-235405-0be806,ratio-06.yaml,14,adversarial-5,adversarial,1.6186939477920532,0.1123046875,0.4140625
run-20260923-235405-0be806,ratio-06.yaml,14,normal-0,normal,1.6186939477920532,0.1123046875,0.4140625
run-20260923-235405-0be806,ratio-06.yaml,14,normal-1,normal,1.6186939477920532,0.1123046875,0.4140625
run-20260923-235405-0be806,ratio-06.yaml,14,normal-2,normal,1.6186939477920532,0.1123046875,0.4140625
run-20260923-235405-0be806,ratio-06.yaml,14,normal-3,normal,1.6186939477920532,0.1123046875,0.4140625
run-20260923-235405-0be806,ratio-06.yaml,15,adversarial-0,adversarial,1.6488680839538574,0.0859375,0.422119140625
run-20260923-235405-0be806,ratio-06.yaml,15,adversarial-1,adversarial,1.6488680839538574,0.0859375,0.422119140625
run-20260923-235405-0be806,ratio-06.yaml,15,adversarial-2,adversarial,1.6488680839538574,0.0859375,0.422119140625
run-20260923-235405-0be806,ratio-06.yaml,15,adversarial-3,adversarial,1.6488679647445679,0.0859375,0.422119140625
run-20260923-235405-0be806,ratio-06.yaml,15,adversarial-4,adversarial,1.6488680839538574,0.0859375,0.422119140625
run-20260923-235405-0be806,ratio-06.yaml,15,adversarial-5,adversarial,1.6488680839538574,0.0859375,0.422119140625
run-20260923-235405-0be806,ratio-06.yaml,15,normal-0,normal,1.6488680839538574,0.0859375,0.422119140625
run-20260923-235405-0be806,ratio-06.yaml,15,normal-1,normal,1.6488680839538574,0.0859375,0.422119140625
run-20260923-235405-0be806,ratio-06.yaml,15,normal-2,normal,1.6488680839538574,0.0859375,0.422119140625
run-20260923-235405-0be806,ratio-06.yaml,15,normal-3,normal,1.6488680839538574,0.0859375,0.422119140625
run-20260923-235405-0be806,ratio-06.yaml,16,adversarial-0,adversarial,1.680914044380188,0.06982421875,0.43603515625
run-20260923-235405-0be806,ratio-06.yaml,16,adversarial-1,adversarial,1.680914044380188,0.06982421875,0.43603515625
run-20260923-235405-0be806,ratio-06.yaml,16,adversarial-2,adversarial,1.680914044380188,0.06982421875,0.43603515625
run-20260923-235405-0be806,ratio-06.yaml,16,adversarial-3,adversarial,1.680914044380188,0.06982421875,0.43603515625
run-20260923-235405-0be806,ratio-06.yaml,16,adversarial-4,adversarial,1.680914044380188,0.06982421875,0.43603515625
run-20260923-235405-0be806,ratio-06.yaml,16,adversarial-5,adversarial,1.680914044380188,0.06982421875,0.43603515625
run-20260923-235405-0be806,ratio-06.yaml,16,normal-0,normal,1.680914044380188,0.06982421875,0.43603515625
run-20260923-235405-0be806,ratio-06.yaml,16,normal-1,normal,1.680914044380188,0.06982421875,0.43603515625
run-20260923-235405-0be806,ratio-06.yaml,16,normal-2,normal,1.680914044380188,0.06982421875,0.43603515625
run-20260923-235405-0be806,ratio-06.yaml,16,normal-3,normal,1.680914044380188,0.06982421875,0.43603515625
run-20260923-235405-0be806,ratio-06.yaml,17,adversarial-0,adversarial,1.7156049013137817,0.0625,0.46826171875
run-20260923-235405-0be806,ratio-06.yaml,17,adversarial-1,adversarial,1.7156049013137817,0.0625,0.46826171875
run-20260923-235405-0be806,ratio-06.yaml,17,adversarial-2,adversarial,1.7156049013137817,0.0625,0.46826171875
run-20260923-235405-0be806,ratio-06.yaml,17,adversarial-3,adversarial,1.7156049013137817,0.0625,0.46826171875
run-20260923-235405-0be806,ratio-06.yaml,17,adversarial-4,adversarial,1.7156049013137817,0.0625,0.46826171875
run-20260923-235405-0be806,ratio-06.yaml,17,adversarial-5,adversarial,1.7156049013137817,0.0625,0.46826171875
run-20260923-235405-0be806,ratio-06.yaml,17,normal-0,normal,1.7156049013137817,0.0625,0.46826171875
run-20260923-235405-0be806,ratio-06.yaml,17,normal-1,normal,1.7156049013137817,0.0625,0.46826171875
run-20260923-235405-0be806,ratio-06.yaml,17,normal-2,normal,1.7156049013137817,0.0625,0.46826171875
run-20260923-235405-0be806,ratio-06.yaml,17,normal-3,normal,1.7156049013137817,0.0625,0.46826171875
run-20260923-235405-0be806,ratio-06.yaml,18,adversarial-0,adversarial,1.7526763677597046,0.056396484375,0.50439453125
run-20260923-235405-0be806,ratio-06.yaml,18,adversarial-1,adversarial,1.7526763677597046,0.056396484375,0.50439453125
run-20260923-235405-0be806,ratio-06.yaml,18,adversarial-2,adversarial,1.7526763677597046,0.056396484375,0.50439453125
run-20260923-235405-0be806,ratio-06.yaml,18,adversarial-3,adversarial,1.7526763677597046,0.056396484375,0.50439453125
run-20260923-235405-0be806,ratio-06.yaml,18,adversarial-4,adversarial,1.7526763677597046,0.056396484375,0.50439453125
run-20260923-235405-0be806,ratio-06.yaml,18,adversarial-5,adversarial,1.7526763677597046,0.056396484375,0.50439453125
run-20260923-235405-0be806,ratio-06.yaml,18,normal-0,normal,1.7526763677597046,0.056396484375,0.50439453125
run-20260923-235405-0be806,ratio-06.yaml,18,normal-1,normal,1.7526763677597046,0.056396484375,0.50439453125
run-20260923-235405-0be806,ratio-06.yaml,18,normal-2,normal,1.7526763677597046,0.056396484375,0.50439453125
run-20260923-235405-0be806,ratio-06.yaml,18,normal-3,normal,1.7526763677597046,0.056396484375,0.50439453125
run-20260923-235405-0be806,ratio-06.yaml,19,adversarial-0,adversarial,1.793413519859314,0.052490234375,0.536865234375
run-20260923-235405-0be806,ratio-06.yaml,19,adversarial-1,adversarial,1.793413519859314,0.052490234375,0.536865234375
run-20260923-235405-0be806,ratio-06.yaml,19,adversarial-2,adversarial,1.793413519859314,0.052490234375,0.536865234375
run-20260923-235405-0be806,ratio-06.yaml,19,adversarial-3,adversarial,1.793413519859314,0.052490234375,0.536865234375
run-20260923-235405-0be806,ratio-06.yaml,19,adversarial-4,adversarial,1.793413519859314,0.052490234375,0.536865234375
run-20260923-235405-0be806,ratio-06.yaml,19,adversarial-5,adversarial,1.793413519859314,0.052490234375,0.536865234375
run-20260923-235405-0be806,ratio-06.yaml,19,normal-0,normal,1.793413519859314,0.052490234375,0.536865234375
run-20260923-235405-0be806,ratio-06.yaml,19,normal-1,normal,1.793413519859314,0.052490234375,0.536865234375
run-20260923-235405-0be806,ratio-06.yaml,19,normal-2,normal,1.793413519859314,0.052490234375,0.536865234375
run-20260923-235405-0be806,ratio-06.yaml,19,normal-3,normal,1.793413519859314,0.052490234375,0.536865234375
run-20260923-235405-0be806,ratio-06.yaml,20,adversarial-0,adversarial,1.836501121520996,0.0478515625,0.551513671875
run-20260923-235405-0be806,ratio-06.yaml,20,adversarial-1,adversarial,1.836501121520996,0.0478515625,0.551513671875
run-20260923-235405-0be806,ratio-06.yaml,20,adversarial-2,adversarial,1.836501121520996,0.0478515625,0.551513671875
run-20260923-235405-0be806,ratio-06.yaml,20,adversarial-3,adversarial,1.836501121520996,0.0478515625,0.551513671875
run-20260923-235405-0be806,ratio-06.yaml,20,adversarial-4,adversarial,1.836501121520996,0.0478515625,0.551513671875
run-20260923-235405-0be806,ratio-06.yaml,20,adversarial-5,adversarial,1.836501121520996,0.0478515625,0.551513671875
run-20260923-235405-0be806,ratio-06.yaml,20,normal-0,normal,1.836501121520996,0.0478515625,0.551513671875
run-20260923-235405-0be806,ratio-06.yaml,20,normal-1,normal,1.836501121520996,0.0478515625,0.551513671875
run-20260923-235405-0be806,ratio-06.yaml,20,normal-2,normal,1.836501121520996,0.0478515625,0.551513671875
run-20260923-235405-0be806,ratio-06.yaml,20,normal-3,normal,1.836501121520996,0.0478515625,0.551513671875
run-20260923-235557-ccdaef,ratio-07.yaml,0,adversarial-0,adversarial,1.4023325443267822,0.245849609375,0.3984375
run-20260923-235557-ccdaef,ratio-07.yaml,0,adversarial-1,adversarial,1.4023325443267822,0.245849609375,0.3984375
run-20260923-235557-ccdaef,ratio-07.yaml,0,adversarial-2,adversarial,1.4023325443267822,0.245849609375,0.3984375
run-20260923-235557-ccdaef,ratio-07.yaml,0,adversarial-3,adversarial,1.4023325443267822,0.245849609375,0.3984375
run-20260923-235557-ccdaef,ratio-07.yaml,0,adversarial-4,adversarial,1.4023325443267822,0.245849609375,0.3984375
run-20260923-235557-ccdaef,ratio-07.yaml,0,adversarial-5,adversarial,1.4023325443267822,0.245849609375,0.3984375
run-20260923-235557-ccdaef,ratio-07.yaml,0,adversarial-6,adversarial,1.4023325443267822,0.245849609375,0.3984375
run-20260923-235557-ccdaef,ratio-07.yaml,0,normal-0,normal,1.4023325443267822,0.245849609375,0.3984375
run-20260923-235557-ccdaef,ratio-07.yaml,0,normal-1,normal,1.4023325443267822,0.245849609375,0.3984375
run-20260923-235557-ccdaef,ratio-07.yaml,0,normal-2,normal,1.4023325443267822,0.245849609375,0.3984375
run-20260923-235557-ccdaef,ratio-07.yaml,1,adversarial-0,adversarial,1.4057873487472534,0.2412109375,0.396240234375
run-20260923-235557-ccdaef,ratio-07.yaml,1,adversarial-1,adversarial,1.4057873487472534,0.2412109375,0.396240234375
run-20260923-235557-ccdaef,ratio-07.yaml,1,adversarial-2,adversarial,1.4057873487472534,0.2412109375,0.396240234375
run-20260923-235557-ccdaef,ratio-07.yaml,1,adversarial-3,adversarial,1.4057873487472534,0.2412109375,0.396240234375
run-20260923-235557-ccdaef,ratio-07.yaml,1,adversarial-4,adversarial,1.4057873487472534,0.2412109375,0.396240234375
run-20260923-235557-ccdaef,ratio-07.yaml,1,adversarial-5,adversarial,1.4057873487472534,0.2412109375,0.396240234375
run-20260923-235557-ccdaef,ratio-07.yaml,1,adversarial-6,adversarial,1.4057873487472534,0.2412109375,0.396240234375
run-20260923-235557-ccdaef,ratio-07.yaml,1,normal-0,normal,1.4057873487472534,0.2412109375,0.396240234375
run-20260923-235557-ccdaef,ratio-07.yaml,1,normal-1,normal,1.4057873487472534,0.2412109375,0.396240234375
run-20260923-235557-ccdaef,ratio-07.yaml,1,normal-2,normal,1.4057873487472534,0.2412109375,0.396240234375
run-20260923-235557-ccdaef,ratio-07.yaml,2,adversarial-0,adversarial,1.414906620979309,0.229736328125,0.391357421875
run-20260923-235557-ccdaef,ratio-07.yaml,2,adversarial-1,adversarial,1.414906620979309,0.229736328125,0.391357421875
run-20260923-235557-ccdaef,ratio-07.yaml,2,adversarial-2,adversarial,1.414906620979309,0.229736328125,0.391357421875
run-20260923-235557-ccdaef,ratio-07.yaml,2,adversarial-3,adversarial,1.414906620979309,0.229736328125,0.391357421875
run-20260923-235557-ccdaef,ratio-07.yaml,2,adversarial-4,adversarial,1.414906620979309,0.229736328125,0.391357421875
run-20260923-235557-ccdaef,ratio-07.yaml,2,adversarial-5,adversarial,1.414906620979309,0.229736328125,0.391357421875
run-20260923-235557-ccdaef,ratio-07.yaml,2,adversarial-6,adversarial,1.414906620979309,0.229736328125,0.391357421875
run-20260923-235557-ccdaef,ratio-07.yaml,2,normal-0,normal,1.414906620979309,0.229736328125,0.391357421875
run-20260923-235557-ccdaef,ratio-07.yaml,2,normal-1,normal,1.414906620979309,0.229736328125,0.391357421875
run-20260923-235557-ccdaef,ratio-07.yaml,2,normal-2,normal,1.414906620979309,0.229736328125,0.391357421875
run-20260923-235557-ccdaef,ratio-07.yaml,3,adversarial-0,adversarial,1.4293179512023926,0.21826171875,0.388427734375
run-20260923-235557-ccdaef,ratio-07.yaml,3,adversarial-1,adversarial,1.4293179512023926,0.21826171875,0.388427734375
run-20260923-235557-ccdaef,ratio-07.yaml,3,adversarial-2,adversarial,1.4293179512023926,0.21826171875,0.388427734375
run-20260923-235557-ccdaef,ratio-07.yaml,3,adversarial-3,adversarial,1.4293179512023926,0.21826171875,0.388427734375
run-20260923-235557-ccdaef,ratio-07.yaml,3,adversarial-4,adversarial,1.4293179512023926,0.21826171875,0.388427734375
run-20260923-235557-ccdaef,ratio-07.yaml,3,adversarial-5,adversarial,1.4293179512023926,0.21826171875,0.388427734375
run-20260923-235557-ccdaef,ratio-07.yaml,3,adversarial-6,adversarial,1.4293179512023926,0.21826171875,0.388427734375
run-20260923-235557-ccdaef,ratio-07.yaml,3,normal-0,normal,1.4293179512023926,0.21826171875,0.388427734375
run-20260923-235557-ccdaef,ratio-07.yaml,3,normal-1,normal,1.4293179512023926,0.21826171875,0.388427734375
run-20260923-235557-ccdaef,ratio-07.yaml,3,normal-2,normal,1.4293179512023926,0.21826171875,0.388427734375
run-20260923-235557-ccdaef,ratio-07.yaml,4,adversarial-0,adversarial,1.4487680196762085,0.210205078125,0.38916015625
run-20260923-235557-ccdaef,ratio-07.yaml,4,adversarial-1,adversarial,1.4487680196762085,0.210205078125,0.38916015625
run-20260923-235557-ccdaef,ratio-07.yaml,4,adversarial-2,adversarial,1.4487680196762085,0.210205078125,0.38916015625
run-20260923-235557-ccdaef,ratio-07.yaml,4,adversarial-3,adversarial,1.4487680196762085,0.210205078125,0.38916015625
run-20260923-235557-ccdaef,ratio-07.yaml,4,adversarial-4,adversarial,1.4487680196762085,0.210205078125,0.38916015625
run-20260923-235557-ccdaef,ratio-07.yaml,4,adversarial-5,adversarial,1.4487680196762085,0.210205078125,0.38916015625
run-20260923-235557-ccdaef,ratio-07.yaml,4,adversarial-6,adversarial,1.4487680196762085,0.210205078125,0.38916015625
run-20260923-235557-ccdaef,ratio-07.yaml,4,normal-0,normal,1.4487680196762085,0.210205078125,0.38916015625
run-20260923-235557-ccdaef,ratio-07.yaml,4,normal-1,normal,1.4487680196762085,0.210205078125,0.38916015625
run-20260923-235557-ccdaef,ratio-07.yaml,4,normal-2,normal,1.4487680196762085,0.210205078125,0.38916015625
run-20260923-235557-ccdaef,ratio-07.yaml,5,adversarial-0,adversarial,1.4732630252838135,0.202392578125,0.38232421875
run-20260923-235557-ccdaef,ratio-07.yaml,5,adversarial-1,adversarial,1.4732630252838135,0.202392578125,0.38232421875
run-20260923-235557-ccdaef,ratio-07.yaml,5,adversarial-2,adversarial,1.4732630252838135,0.202392578125,0.38232421875
run-20260923-235557-ccdaef,ratio-07.yaml,5,adversarial-3,adversarial,1.4732630252838135,0.202392578125,0.38232421875
run-20260923-235557-ccdaef,ratio-07.yaml,5,adversarial-4,adversarial,1.4732630252838135,0.202392578125,0.38232421875
run-20260923-235557-ccdaef,ratio-07.yaml,5,adversarial-5,adversarial,1.4732630252838135,0.202392578125,0.38232421875
run-20260923-235557-ccdaef,ratio-07.yaml,5,adversarial-6,adversarial,1.4732630252838135,0.202392578125,0.38232421875
run-20260923-235557-ccdaef,ratio-07.yaml,5,normal-0,normal,1.4732630252838135,0.202392578125,0.38232421875
run-20260923-235557-ccdaef,ratio-07.yaml,5,normal-1,normal,1.4732630252838135,0.202392578125,0.38232421875
run-20260923-235557-ccdaef,ratio-07.yaml,5,normal-2,normal,1.4732630252838135,0.202392578125,0.38232421875
run-20260923-235557-ccdaef,ratio-07.yaml,6,adversarial-0,adversarial,1.5023530721664429,0.1875,0.363525390625
run-20260923-235557-ccdaef,ratio-07.yaml,6,adversarial-1,adversarial,1.5023530721664429,0.1875,0.363525390625
run-20260923-235557-ccdaef,ratio-07.yaml,6,adversarial-2,adversarial,1.5023530721664429,0.1875,0.363525390625
run-20260923-235557-ccdaef,ratio-07.yaml,6,adversarial-3,adversarial,1.5023530721664429,0.1875,0.363525390625
run-20260923-235557-ccdaef,ratio-07.yaml,6,adversarial-4,adversarial,1.5023530721664429,0.1875,0.363525390625
run-20260923-235557-ccdaef,ratio-07.yaml,6,adversarial-5,adversarial,1.5023530721664429,0.1875,0.363525390625
run-20260923-235557-ccdaef,ratio-07.yaml,6,adversarial-6,adversarial,1.5023530721664429,0.1875,0.363525390625
run-20260923-235557-ccdaef,ratio-07.yaml,6,normal-0,normal,1.5023530721664429,0.1875,0.363525390625
run-20260923-235557-ccdaef,ratio-07.yaml,6,normal-1,normal,1.5023530721664429,0.1875,0.363525390625
run-20260923-235557-ccdaef,ratio-07.yaml,6,normal-2,normal,1.5023530721664429,0.1875,0.363525390625
run-20260923-235557-ccdaef,ratio-07.yaml,7,adversarial-0,adversarial,1.5367648601531982,0.162353515625,0.382568359375
run-20260923-235557-ccdaef,ratio-07.yaml,7,adversarial-1,adversarial,1.5367648601531982,0.162353515625,0.382568359375
run-20260923-235557-ccdaef,ratio-07.yaml,7,adversarial-2,adversarial,1.5367648601531982,0.162353515625,0.382568359375
run-20260923-235557-ccdaef,ratio-07.yaml,7,adversarial-3,adversarial,1.5367648601531982,0.162353515625,0.382568359375
run-20260923-235557-ccdaef,ratio-07.yaml,7,adversarial-4,adversarial,1.5367648601531982,0.162353515625,0.382568359375
run-20260923-235557-ccdaef,ratio-07.yaml,7,adversarial-5,adversarial,1.5367648601531982,0.162353515625,0.382568359375
run-20260923-235557-ccdaef,ratio-07.yaml,7,adversarial-6,adversarial,1.5367648601531982,0.162353515625,0.382568359375
run-20260923-235557-ccdaef,ratio-07.yaml,7,normal-0,normal,1.5367648601531982,0.162353515625,0.382568359375
run-20260923-235557-ccdaef,ratio-07.yaml,7,normal-1,normal,1.5367648601531982,0.162353515625,0.382568359375
run-20260923-235557-ccdaef,ratio-07.yaml,7,normal-2,normal,1.5367648601531982,0.162353515625,0.382568359375
run-20260923-235557-ccdaef,ratio-07.yaml,8,adversarial-0,adversarial,1.5763089656829834,0.1357421875,0.40625
run-20260923-235557-ccdaef,ratio-07.yaml,8,adversarial-1,adversarial,1.5763089656829834,0.1357421875,0.40625
run-20260923-235557-ccdaef,ratio-07.yaml,8,adversarial-2,adversarial,1.5763089656829834,0.1357421875,0.40625
run-20260923-235557-ccdaef,ratio-07.yaml,8,adversarial-3,adversarial,1.5763089656829834,0.1357421875,0.40625
run-20260923-235557-ccdaef,ratio-07.yaml,8,adversarial-4,adversarial,1.5763089656829834,0.1357421875,0.40625
run-20260923-235557-ccdaef,ratio-07.yaml,8,adversarial-5,adversarial,1.5763089656829834,0.1357421875,0.40625
run-20260923-235557-ccdaef,ratio-07.yaml,8,adversarial-6,adversarial,1.5763089656829834,0.1357421875,0.40625
run-20260923-235557-ccdaef,ratio-07.yaml,8,normal-0,normal,1.5763089656829834,0.1357421875,0.40625
run-20260923-235557-ccdaef,ratio-07.yaml,8,normal-1,normal,1.5763089656829834,0.1357421875,0.40625
run-20260923-235557-ccdaef,ratio-07.yaml,8,normal-2,normal,1.5763089656829834,0.1357421875,0.40625
run-20260923-235557-ccdaef,ratio-07.yaml,9,adversarial-0,adversarial,1.6207962036132812,0.10107421875,0.436279296875
run-20260923-235557-ccdaef,ratio-07.yaml,9,adversarial-1,adversarial,1.6207962036132812,0.10107421875,0.436279296875
run-20260923-235557-ccdaef,ratio-07.yaml,9,adversarial-2,adversarial,1.6207962036132812,0.10107421875,0.436279296875
run-20260923-235557-ccdaef,ratio-07.yaml,9,adversarial-3,adversarial,1.6207962036132812,0.10107421875,0.436279296875
run-20260923-235557-ccdaef,ratio-07.yaml,9,adversarial-4,adversarial,1.6207962036132812,0.10107421875,0.436279296875
run-20260923-235557-ccdaef,ratio-07.yaml,9,adversarial-5,adversarial,1.6207962036132812,0.10107421875,0.436279296875
run-20260923-235557-ccdaef,ratio-07.yaml,9,adversarial-6,adversarial,1.6207962036132812,0.10107421875,0.436279296875
run-20260923-235557-ccdaef,ratio-07.yaml,9,normal-0,normal,1.6207962036132812,0.10107421875,0.436279296875
run-20260923-235557-ccdaef,ratio-07.yaml,9,normal-1,normal,1.6207962036132812,0.10107421875,0.436279296875
run-20260923-235557-ccdaef,ratio-07.yaml,9,normal-2,normal,1.6207962036132812,0.10107421875,0.436279296875
run-20260923-235557-ccdaef,ratio-07.yaml,10,adversarial-0,adversarial,1.6714962720870972,0.065673828125,0.44873046875
run-20260923-235557-ccdaef,ratio-07.yaml,10,adversarial-1,adversarial,1.6714962720870972,0.065673828125,0.44873046875
run-20260923-235557-ccdaef,ratio-07.yaml,10,adversarial-2,adversarial,1.6714962720870972,0.065673828125,0.44873046875
run-20260923-235557-ccdaef,ratio-07.yaml,10,adversarial-3,adversarial,1.6714962720870972,0.065673828125,0.44873046875
run-20260923-235557-ccdaef,ratio-07.yaml,10,adversarial-4,adversarial,1.6714962720870972,0.065673828125,0.44873046875
run-20260923-235557-ccdaef,ratio-07.yaml,10,adversarial-5,adversarial,1.6714962720870972,0.065673828125,0.44873046875
run-20260923-235557-ccdaef,ratio-07.yaml,10,adversarial-6,adversarial,1.6714962720870972,0.065673828125,0.44873046875
run-20260923-235557-ccdaef,ratio-07.yaml,10,normal-0,normal,1.6714962720870972,0.065673828125,0.44873046875
run-20260923-235557-ccdaef,ratio-07.yaml,10,normal-1,normal,1.6714962720870972,0.065673828125,0.44873046875
run-20260923-235557-ccdaef,ratio-07.yaml,10,normal-2,normal,1.6714962720870972,0.065673828125,0.44873046875
run-20260923-235557-ccdaef,ratio-07.yaml,11,adversarial-0,adversarial,1.7276625633239746,0.033203125,0.4609375
run-20260923-235557-ccdaef,ratio-07.yaml,11,adversarial-1,adversarial,1.7276625633239746,0.033203125,0.4609375
run-20260923-235557-ccdaef,ratio-07.yaml,11,adversarial-2,adversarial,1.7276625633239746,0.033203125,0.4609375
run-20260923-235557-ccdaef,ratio-07.yaml,11,adversarial-3,adversarial,1.7276625633239746,0.033203125,0.4609375
run-20260923-235557-ccdaef,ratio-07.yaml,11,adversarial-4,adversarial,1.7276625633239746,0.033203125,0.4609375
run-20260923-235557-ccdaef,ratio-07.yaml,11,adversarial-5,adversarial,1.7276625633239746,0.033203125,0.4609375
run-20260923-235557-ccdaef,ratio-07.yaml,11,adversarial-6,adversarial,1.7276625633239746,0.033203125,0.4609375
run-20260923-235557-ccdaef,ratio-07.yaml,11,normal-0,normal,1.7276625633239746,0.033203125,0.4609375
run-20260923-235557-ccdaef,ratio-07.yaml,11,normal-1,normal,1.7276625633239746,0.033203125,0.4609375
run-20260923-235557-ccdaef,ratio-07.yaml,11,normal-2,normal,1.7276625633239746,0.033203125,0.4609375
run-20260923-235557-ccdaef,ratio-07.yaml,12,adversarial-0,adversarial,1.790144920349121,0.019775390625,0.463623046875
run-20260923-235557-ccdaef,ratio-07.yaml,12,adversarial-1,adversarial,1.790144920349121,0.019775390625,0.463623046875
run-20260923-235557-ccdaef,ratio-07.yaml,12,adversarial-2,adversarial,1.790144920349121,0.019775390625,0.463623046875
run-20260923-235557-ccdaef,ratio-07.yaml,12,adversarial-3,adversarial,1.790144920349121,0.019775390625,0.463623046875
run-20260923-235557-ccdaef,ratio-07.yaml,12,adversarial-4,adversarial,1.790144920349121,0.019775390625,0.463623046875
run-20260923-235557-ccdaef,ratio-07.yaml,12,adversarial-5,adversarial,1.790144920349121,0.019775390625,0.463623046875
run-20260923-235557-ccdaef,ratio-07.yaml,12,adversarial-6,adversarial,1.790144920349121,0.019775390625,0.463623046875
run-20260923-235557-ccdaef,ratio-07.yaml,12,normal-0,normal,1.790144920349121,0.019775390625,0.463623046875
run-20260923-235557-ccdaef,ratio-07.yaml,12,normal-1,normal,1.790144920349121,0.019775390625,0.463623046875
run-20260923-235557-ccdaef,ratio-07.yaml,12,normal-2,normal,1.790144920349121,0.019775390625,0.463623046875
run-20260923-235557-ccdaef,ratio-07.yaml,13,adversarial-0,adversarial,1.8599354028701782,0.0068359375,0.529541015625
run-20260923-235557-ccdaef,ratio-07.yaml,13,adversarial-1,adversarial,1.8599354028701782,0.0068359375,0.529541015625
run-20260923-235557-ccdaef,ratio-07.yaml,13,adversarial-2,adversarial,1.8599354028701782,0.0068359375,0.529541015625
run-20260923-235557-ccdaef,ratio-07.yaml,13,adversarial-3,adversarial,1.8599354028701782,0.0068359375,0.529541015625
run-20260923-235557-ccdaef,ratio-07.yaml,13,adversarial-4,adversarial,1.8599354028701782,0.0068359375,0.529541015625
run-20260923-235557-ccdaef,ratio-07.yaml,13,adversarial-5,adversarial,1.8599354028701782,0.0068359375,0.529541015625
run-20260923-235557-ccdaef,ratio-07.yaml,13,adversarial-6,adversarial,1.8599354028701782,0.0068359375,0.529541015625
run-20260923-235557-ccdaef,ratio-07.yaml,13,normal-0,normal,1.8599354028701782,0.0068359375,0.529541015625
run-20260923-235557-ccdaef,ratio-07.yaml,13,normal-1,normal,1.8599354028701782,0.0068359375,0.529541015625
run-20260923-235557-ccdaef,ratio-07.yaml,13,normal-2,normal,1.8599354028701782,0.0068359375,0.529541015625
run-20260923-235557-ccdaef,ratio-07.yaml,14,adversarial-0,adversarial,1.9380149841308594,0.0029296875,0.5302734375
run-20260923-235557-ccdaef,ratio-07.yaml,14,adversarial-1,adversarial,1.9380149841308594,0.0029296875,0.5302734375
run-20260923-235557-ccdaef,ratio-07.yaml,14,adversarial-2,adversarial,1.9380149841308594,0.0029296875,0.5302734375
run-20260923-235557-ccdaef,ratio-07.yaml,14,adversarial-3,adversarial,1.9380149841308594,0.0029296875,0.5302734375
run-20260923-235557-ccdaef,ratio-07.yaml,14,adversarial-4,adversarial,1.9380149841308594,0.0029296875,0.5302734375
run-20260923-235557-ccdaef,ratio-07.yaml,14,adversarial-5,adversarial,1.9380149841308594,0.0029296875,0.5302734375
run-20260923-235557-ccdaef,ratio-07.yaml,14,adversarial-6,adversarial,1.9380149841308594,0.0029296875,0.5302734375
run-20260923-235557-ccdaef,ratio-07.yaml,14,normal-0,normal,1.9380149841308594,0.0029296875,0.5302734375
run-20260923-235557-ccdaef,ratio-07.yaml,14,normal-1,normal,1.9380149841308594,0.0029296875,0.5302734375
run-20260923-235557-ccdaef,ratio-07.yaml,14,normal-2,normal,1.9380149841308594,0.0029296875,0.5302734375
run-20260923-235557-ccdaef,ratio-07.yaml,15,adversarial-0,adversarial,2.02592134475708,0.001953125,0.506103515625
run-20260923-235557-ccdaef,ratio-07.yaml,15,adversarial-1,adversarial,2.02592134475708,0.001953125,0.506103515625
run-20260923-235557-ccdaef,ratio-07.yaml,15,adversarial-2,adversarial,2.02592134475708,0.001953125,0.506103515625
run-20260923-235557-ccdaef,ratio-07.yaml,15,adversarial-3,adversarial,2.02592134475708,0.001953125,0.506103515625
run-20260923-235557-ccdaef,ratio-07.yaml,15,adversarial-4,adversarial,2.02592134475708,0.001953125,0.506103515625
run-20260923-235557-ccdaef,ratio-07.yaml,15,adversarial-5,adversarial,2.02592134475708,0.001953125,0.506103515625
run-20260923-235557-ccdaef,ratio-07.yaml,15,adversarial-6,adversarial,2.02592134475708,0.001953125,0.506103515625
run-20260923-235557-ccdaef,ratio-07.yaml,15,normal-0,normal,2.02592134475708,0.001953125,0.506103515625
run-20260923-235557-ccdaef,ratio-07.yaml,15,normal-1,normal,2.02592134475708,0.001953125,0.506103515625
run-20260923-235557-ccdaef,ratio-07.yaml,15,normal-2,normal,2.02592134475708,0.001953125,0.506103515625
run-20260923-235557-ccdaef,ratio-07.yaml,16,adversarial-0,adversarial,2.1247897148132324,0.002197265625,0.479736328125
run-20260923-235557-ccdaef,ratio-07.yaml,16,adversarial-1,adversarial,2.1247897148132324,0.002197265625,0.479736328125
run-20260923-235557-ccdaef,ratio-07.yaml,16,adversarial-2,adversarial,2.1247897148132324,0.002197265625,0.479736328125
run-20260923-235557-ccdaef,ratio-07.yaml,16,adversarial-3,adversarial,2.1247897148132324,0.002197265625,0.479736328125
run-20260923-235557-ccdaef,ratio-07.yaml,16,adversarial-4,adversarial,2.1247897148132324,0.002197265625,0.479736328125
run-20260923-235557-ccdaef,ratio-07.yaml,16,adversarial-5,adversarial,2.1247897148132324,0.002197265625,0.479736328125
run-20260923-235557-ccdaef,ratio-07.yaml,16,adversarial-6,adversarial,2.1247897148132324,0.002197265625,0.479736328125
run-20260923-235557-ccdaef,ratio-07.yaml,16,normal-0,normal,2.1247897148132324,0.002197265625,0.479736328125
run-20260923-235557-ccdaef,ratio-07.yaml,16,normal-1,normal,2.1247897148132324,0.002197265625,0.479736328125
run-20260923-235557-ccdaef,ratio-07.yaml,16,normal-2,normal,2.1247897148132324,0.002197265625,0.479736328125
run-20260923-235557-ccdaef,ratio-07.yaml,17,adversarial-0,adversarial,2.2375283241271973,0.001708984375,0.4599609375
run-20260923-235557-ccdaef,ratio-07.yaml,17,adversarial-1,adversarial,2.2375283241271973,0.001708984375,0.4599609375
run-20260923-235557-ccdaef,ratio-07.yaml,17,adversarial-2,adversarial,2.2375283241271973,0.001708984375,0.4599609375
run-20260923-235557-ccdaef,ratio-07.yaml,17,adversarial-3,adversarial,2.2375283241271973,0.001708984375,0.4599609375
run-20260923-235557-ccdaef,ratio-07.yaml,17,adversarial-4,adversarial,2.2375283241271973,0.001708984375,0.4599609375
run-20260923-235557-ccdaef,ratio-07.yaml,17,adversarial-5,adversarial,2.2375283241271973,0.001708984375,0.4599609375
run-20260923-235557-ccdaef,ratio-07.yaml,17,adversarial-6,adversarial,2.2375283241271973,0.001708984375,0.4599609375
run-20260923-235557-ccdaef,ratio-07.yaml,17,normal-0,normal,2.2375283241271973,0.001708984375,0.4599609375
run-20260923-235557-ccdaef,ratio-07.yaml,17,normal-1,normal,2.2375283241271973,0.001708984375,0.4599609375
run-20260923-235557-ccdaef,ratio-07.yaml,17,normal-2,normal,2.2375283241271973,0.001708984375,0.4599609375
run-20260923-235557-ccdaef,ratio-07.yaml,18,adversarial-0,adversarial,2.3650290966033936,0.001708984375,0.451416015625
run-20260923-235557-ccdaef,ratio-07.yaml,18,adversarial-1,adversarial,2.3650290966033936,0.001708984375,0.451416015625
run-20260923-235557-ccdaef,ratio-07.yaml,18,adversarial-2,adversarial,2.3650290966033936,0.001708984375,0.451416015625
run-20260923-235557-ccdaef,ratio-07.yaml,18,adversarial-3,adversarial,2.3650290966033936,0.001708984375,0.451416015625
run-20260923-235557-ccdaef,ratio-07.yaml,18,adversarial-4,adversarial,2.3650290966033936,0.001708984375,0.451416015625
run-20260923-235557-ccdaef,ratio-07.yaml,18,adversarial-5,adversarial,2.3650290966033936,0.001708984375,0.451416015625
run-20260923-235557-ccdaef,ratio-07.yaml,18,adversarial-6,adversarial,2.3650290966033936,0.001708984375,0.451416015625
run-20260923-235557-ccdaef,ratio-07.yaml,18,normal-0,normal,2.3650290966033936,0.001708984375,0.451416015625
run-20260923-235557-ccdaef,ratio-07.yaml,18,normal-1,normal,2.3650290966033936,0.001708984375,0.451416015625
run-20260923-235557-ccdaef,ratio-07.yaml,18,normal-2,normal,2.3650290966033936,0.001708984375,0.451416015625
run-20260923-235557-ccdaef,ratio-07.yaml,19,adversarial-0,adversarial,2.510302782058716,0.00146484375,0.4453125
run-20260923-235557-ccdaef,ratio-07.yaml,19,adversarial-1,adversarial,2.510302782058716,0.00146484375,0.4453125
run-20260923-235557-ccdaef,ratio-07.yaml,19,adversarial-2,adversarial,2.510302782058716,0.00146484375,0.4453125
run-20260923-235557-ccdaef,ratio-07.yaml,19,adversarial-3,adversarial,2.510302782058716,0.00146484375,0.4453125
run-20260923-235557-ccdaef,ratio-07.yaml,19,adversarial-4,adversarial,2.510302782058716,0.00146484375,0.4453125
run-20260923-235557-ccdaef,ratio-07.yaml,19,adversarial-5,adversarial,2.510302782058716,0.00146484375,0.4453125
run-20260923-235557-ccdaef,ratio-07.yaml,19,adversarial-6,adversarial,2.510302782058716,0.00146484375,0.4453125
run-20260923-235557-ccdaef,ratio-07.yaml,19,normal-0,normal,2.510302782058716,0.00146484375,0.4453125
run-20260923-235557-ccdaef,ratio-07.yaml,19,normal-1,normal,2.510302782058716,0.00146484375,0.4453125
run-20260923-235557-ccdaef,ratio-07.yaml,19,normal-2,normal,2.510302782058716,0.00146484375,0.4453125
run-20260923-235557-ccdaef,ratio-07.yaml,20,adversarial-0,adversarial,2.6788432598114014,0.001953125,0.44677734375
run-20260923-235557-ccdaef,ratio-07.yaml,20,adversarial-1,adversarial,2.6788432598114014,0.001953125,0.44677734375
run-20260923-235557-ccdaef,ratio-07.yaml,20,adversarial-2,adversarial,2.6788432598114014,0.001953125,0.44677734375
run-20260923-235557-ccdaef,ratio-07.yaml,20,adversarial-3,adversarial,2.6788432598114014,0.001953125,0.44677734375
run-20260923-235557-ccdaef,ratio-07.yaml,20,adversarial-4,adversarial,2.6788432598114014,0.001953125,0.44677734375
run-20260923-235557-ccdaef,ratio-07.yaml,20,adversarial-5,adversarial,2.6788432598114014,0.001953125,0.44677734375
run-20260923-235557-ccdaef,ratio-07.yaml,20,adversarial-6,adversarial,2.6788432598114014,0.001953125,0.44677734375
run-20260923-235557-ccdaef,ratio-07.yaml,20,normal-0,normal,2.6788432598114014,0.001953125,0.44677734375
run-20260923-235557-ccdaef,ratio-07.yaml,20,normal-1,normal,2.6788432598114014,0.001953125,0.44677734375
run-20260923-235557-ccdaef,ratio-07.yaml,20,normal-2,normal,2.6788432598114014,0.001953125,0.44677734375
run-20260923-235747-f076c3,ratio-08.yaml,0,adversarial-0,adversarial,1.4023325443267822,0.245849609375,0.3984375
run-20260923-235747-f076c3,ratio-08.yaml,0,adversarial-1,adversarial,1.4023325443267822,0.245849609375,0.3984375
run-20260923-235747-f076c3,ratio-08.yaml,0,adversarial-2,adversarial,1.4023325443267822,0.245849609375,0.3984375
run-20260923-235747-f076c3,ratio-08.yaml,0,adversarial-3,adversarial,1.4023325443267822,0.245849609375,0.3984375
run-20260923-235747-f076c3,ratio-08.yaml,0,adversarial-4,adversarial,1.4023325443267822,0.245849609375,0.3984375
run-20260923-235747-f076c3,ratio-08.yaml,0,adversarial-5,adversarial,1.4023325443267822,0.245849609375,0.3984375
run-20260923-235747-f076c3,ratio-08.yaml,0,adversarial-6,adversarial,1.4023325443267822,0.245849609375,0.3984375
run-20260923-235747-f076c3,ratio-08.yaml,0,adversarial-7,adversarial,1.4023325443267822,0.245849609375,0.3984375
run-20260923-235747-f076c3,ratio-08.yaml,0,normal-0,normal,1.4023325443267822,0.245849609375,0.3984375
run-20260923-235747-f076c3,ratio-08.yaml,0,normal-1,normal,1.4023325443267822,0.245849609375,0.3984375
run-20260923-235747-f076c3,ratio-08.yaml,1,adversarial-0,adversarial,1.4115550518035889,0.2373046875,0.389892578125
run-20260923-235747-f076c3,ratio-08.yaml,1,adversarial-1,adversarial,1.4115550518035889,0.2373046875,0.389892578125
run-20260923-235747-f076c3,ratio-08.yaml,1,adversarial-2,adversarial,1.4115550518035889,0.2373046875,0.389892578125
run-20260923-235747-f076c3,ratio-08.yaml,1,adversarial-3,adversarial,1.4115550518035889,0.2373046875,0.389892578125
run-20260923-235747-f076c3,ratio-08.yaml,1,adversarial-4,adversarial,1.4115550518035889,0.2373046875,0.389892578125
run-20260923-235747-f076c3,ratio-08.yaml,1,adversarial-5,adversarial,1.4115550518035889,0.2373046875,0.389892578125
run-20260923-235747-f076c3,ratio-08.yaml,1,adversarial-6,adversarial,1.4115550518035889,0.2373046875,0.389892578125
run-20260923-235747-f076c3,ratio-08.yaml,1,adversarial-7,adversarial,1.4115550518035889,0.2373046875,0.389892578125
run-20260923-235747-f076c3,ratio-08.yaml,1,normal-0,normal,1.4115550518035889,0.2373046875,0.389892578125
run-20260923-235747-f076c3,ratio-08.yaml,1,normal-1,normal,1.4115550518035889,0.2373046875,0.389892578125
run-20260923-235747-f076c3,ratio-08.yaml,2,adversarial-0,adversarial,1.4289075136184692,0.226806640625,0.38330078125
run-20260923-235747-f076c3,ratio-08.yaml,2,adversarial-1,adversarial,1.4289075136184692,0.226806640625,0.38330078125
run-20260923-235747-f076c3,ratio-08.yaml,2,adversarial-2,adversarial,1.4289075136184692,0.226806640625,0.38330078125
run-20260923-235747-f076c3,ratio-08.yaml,2,adversarial-3,adversarial,1.4289075136184692,0.226806640625,0.38330078125
run-20260923-235747-f076c3,ratio-08.yaml,2,adversarial-4,adversarial,1.4289075136184692,0.226806640625,0.38330078125
run-20260923-235747-f076c3,ratio-08.yaml,2,adversarial-5,adversarial,1.4289075136184692,0.226806640625,0.38330078125
run-20260923-235747-f076c3,ratio-08.yaml,2,adversarial-6,adversarial,1.4289075136184692,0.226806640625,0.38330078125
run-20260923-235747-f076c3,ratio-08.yaml,2,adversarial-7,adversarial,1.4289075136184692,0.226806640625,0.38330078125
run-20260923-235747-f076c3,ratio-08.yaml,2,normal-0,normal,1.4289075136184692,0.226806640625,0.38330078125
run-20260923-235747-f076c3,ratio-08.yaml,2,normal-1,normal,1.4289075136184692,0.226806640625,0.38330078125
run-20260923-235747-f076c3,ratio-08.yaml,3,adversarial-0,adversarial,1.453996181488037,0.214599609375,0.37939453125
run-20260923-235747-f076c3,ratio-08.yaml,3,adversarial-1,adversarial,1.453996181488037,0.214599609375,0.37939453125
run-20260923-235747-f076c3,ratio-08.yaml,3,adversarial-2,adversarial,1.453996181488037,0.214599609375,0.37939453125
run-20260923-235747-f076c3,ratio-08.yaml,3,adversarial-3,adversarial,1.453996181488037,0.214599609375,0.37939453125
run-20260923-235747-f076c3,ratio-08.yaml,3,adversarial-4,adversarial,1.453996181488037,0.214599609375,0.37939453125
run-20260923-235747-f076c3,ratio-08.yaml,3,adversarial-5,adversarial,1.453996181488037,0.214599609375,0.37939453125
run-20260923-235747-f076c3,ratio-08.yaml,3,adversarial-6,adversarial,1.453996181488037,0.214599609375,0.37939453125
run-20260923-235747-f076c3,ratio-08.yaml,3,adversarial-7,adversarial,1.453996181488037,0.214599609375,0.37939453125
run-20260923-235747-f076c3,ratio-08.yaml,3,normal-0,normal,1.453996181488037,0.214599609375,0.37939453125
run-20260923-235747-f076c3,ratio-08.yaml,3,normal-1,normal,1.453996181488037,0.214599609375,0.37939453125
run-20260923-235747-f076c3,ratio-08.yaml,4,adversarial-0,adversarial,1.4870226383209229,0.204833984375,0.37060546875
run-20260923-235747-f076c3,ratio-08.yaml,4,adversarial-1,adversarial,1.4870226383209229,0.204833984375,0.37060546875
run-20260923-235747-f076c3,ratio-08.yaml,4,adversarial-2,adversarial,1.4870226383209229,0.204833984375,0.37060546875
run-20260923-235747-f076c3,ratio-08.yaml,4,adversarial-3,adversarial,1.4870226383209229,0.204833984375,0.37060546875
run-20260923-235747-f076c3,ratio-08.yaml,4,adversarial-4,adversarial,1.4870226383209229,0.204833984375,0.37060546875
run-20260923-235747-f076c3,ratio-08.yaml,4,adversarial-5,adversarial,1.4870226383209229,0.204833984375,0.37060546875
run-20260923-235747-f076c3,ratio-08.yaml,4,adversarial-6,adversarial,1.4870226383209229,0.204833984375,0.37060546875
run-20260923-235747-f076c3,ratio-08.yaml,4,adversarial-7,adversarial,1.4870226383209229,0.204833984375,0.37060546875
run-20260923-235747-f076c3,ratio-08.yaml,4,normal-0,normal,1.4870226383209229,0.204833984375,0.37060546875
run-20260923-235747-f076c3,ratio-08.yaml,4,normal-1,normal,1.4870226383209229,0.204833984375,0.37060546875
run-20260923-235747-f076c3,ratio-08.yaml,5,adversarial-0,adversarial,1.5277668237686157,0.18212890625,0.37451171875
run-20260923-235747-f076c3,ratio-08.yaml,5,adversarial-1,adversarial,1.5277668237686157,0.18212890625,0.37451171875
run-20260923-235747-f076c3,ratio-08.yaml,5,adversarial-2,adversarial,1.5277668237686157,0.18212890625,0.37451171875
run-20260923-235747-f076c3,ratio-08.yaml,5,adversarial-3,adversarial,1.5277668237686157,0.18212890625,0.37451171875
run-20260923-235747-f076c3,ratio-08.yaml,5,adversarial-4,adversarial,1.5277668237686157,0.18212890625,0.37451171875
run-20260923-235747-f076c3,ratio-08.yaml,5,adversarial-5,adversarial,1.5277668237686157,0.18212890625,0.37451171875
run-20260923-235747-f076c3,ratio-08.yaml,5,adversarial-6,adversarial,1.5277668237686157,0.18212890625,0.37451171875
run-20260923-235747-f076c3,ratio-08.yaml,5,adversarial-7,adversarial,1.5277668237686157,0.18212890625,0.37451171875
run-20260923-235747-f076c3,ratio-08.yaml,5,normal-0,normal,1.5277668237686157,0.18212890625,0.37451171875
run-20260923-235747-f076c3,ratio-08.yaml,5,normal-1,normal,1.5277668237686157,0.18212890625,0.37451171875
run-20260923-235747-f076c3,ratio-08.yaml,6,adversarial-0,adversarial,1.5768983364105225,0.14599609375,0.40283203125
run-20260923-235747-f076c3,ratio-08.yaml,6,adversarial-1,adversarial,1.5768983364105225,0.14599609375,0.40283203125
run-20260923-235747-f076c3,ratio-08.yaml,6,adversarial-2,adversarial,1.5768983364105225,0.14599609375,0.40283203125
run-20260923-235747-f076c3,ratio-08.yaml,6,adversarial-3,adversarial,1.5768983364105225,0.14599609375,0.40283203125
run-20260923-235747-f076c3,ratio-08.yaml,6,adversarial-4,adversarial,1.5768983364105225,0.14599609375,0.40283203125
run-20260923-235747-f076c3,ratio-08.yaml,6,adversarial-5,adversarial,1.5768983364105225,0.14599609375,0.40283203125
run-20260923-235747-f076c3,ratio-08.yaml,6,adversarial-6,adversarial,1.5768983364105225,0.14599609375,0.40283203125
run-20260923-235747-f076c3,ratio-08.yaml,6,adversarial-7,adversarial,1.5768983364105225,0.14599609375,0.40283203125
run-20260923-235747-f076c3,ratio-08.yaml,6,normal-0,normal,1.5768983364105225,0.14599609375,0.40283203125
run-20260923-235747-f076c3,ratio-08.yaml,6,normal-1,normal,1.5768983364105225,0.14599609375,0.40283203125
run-20260923-235747-f076c3,ratio-08.yaml,7,adversarial-0,adversarial,1.6351269483566284,0.09765625,0.428955078125
run-20260923-235747-f076c3,ratio-08.yaml,7,adversarial-1,adversarial,1.6351269483566284,0.09765625,0.428955078125
run-20260923-235747-f076c3,ratio-08.yaml,7,adversarial-2,adversarial,1.6351269483566284,0.09765625,0.428955078125
run-20260923-235747-f076c3,ratio-08.yaml,7,adversarial-3,adversarial,1.6351269483566284,0.09765625,0.428955078125
run-20260923-235747-f076c3,ratio-08.yaml,7,adversarial-4,adversarial,1.6351269483566284,0.09765625,0.428955078125
run-20260923-235747-f076c3,ratio-08.yaml,7,adversarial-5,adversarial,1.6351269483566284,0.09765625,0.428955078125
run-20260923-235747-f076c3,ratio-08.yaml,7,adversarial-6,adversarial,1.6351269483566284,0.09765625,0.428955078125
run-20260923-235747-f076c3,ratio-08.yaml,7,adversarial-7,adversarial,1.6351269483566284,0.09765625,0.428955078125
run-20260923-235747-f076c3,ratio-08.yaml,7,normal-0,normal,1.6351269483566284,0.09765625,0.428955078125
run-20260923-235747-f076c3,ratio-08.yaml,7,normal-1,normal,1.6351269483566284,0.09765625,0.428955078125
run-20260923-235747-f076c3,ratio-08.yaml,8,adversarial-0,adversarial,1.7039059400558472,0.044677734375,0.454833984375
run-20260923-235747-f076c3,ratio-08.yaml,8,adversarial-1,adversarial,1.7039059400558472,0.044677734375,0.454833984375
run-20260923-235747-f076c3,ratio-08.yaml,8,adversarial-2,adversarial,1.7039059400558472,0.044677734375,0.454833984375
run-20260923-235747-f076c3,ratio-08.yaml,8,adversarial-3,adversarial,1.7039059400558472,0.044677734375,0.454833984375
run-20260923-235747-f076c3,ratio-08.yaml,8,adversarial-4,adversarial,1.7039059400558472,0.044677734375,0.454833984375
run-20260923-235747-f076c3,ratio-08.yaml,8,adversarial-5,adversarial,1.7039059400558472,0.044677734375,0.454833984375
run-20260923-235747-f076c3,ratio-08.yaml,8,adversarial-6,adversarial,1.7039059400558472,0.044677734375,0.454833984375
run-20260923-235747-f076c3,ratio-08.yaml,8,adversarial-7,adversarial,1.7039059400558472,0.044677734375,0.454833984375
run-20260923-235747-f076c3,ratio-08.yaml,8,normal-0,normal,1.7039059400558472,0.044677734375,0.454833984375
run-20260923-235747-f076c3,ratio-08.yaml,8,normal-1,normal,1.7039059400558472,0.044677734375,0.454833984375
run-20260923-235747-f076c3,ratio-08.yaml,9,adversarial-0,adversarial,1.7839488983154297,0.02294921875,0.4638671875
run-20260923-235747-f076c3,ratio-08.yaml,9,adversarial-1,adversarial,1.7839488983154297,0.02294921875,0.4638671875
run-20260923-235747-f076c3,ratio-08.yaml,9,adversarial-2,adversarial,1.7839488983154297,0.02294921875,0.4638671875
run-20260923-235747-f076c3,ratio-08.yaml,9,adversarial-3,adversarial,1.7839488983154297,0.02294921875,0.4638671875
run-20260923-235747-f076c3,ratio-08.yaml,9,adversarial-4,adversarial,1.7839488983154297,0.02294921875,0.4638671875
run-20260923-235747-f076c3,ratio-08.yaml,9,adversarial-5,adversarial,1.7839488983154297,0.02294921875,0.4638671875
run-20260923-235747-f076c3,ratio-08.yaml,9,adversarial-6,adversarial,1.7839488983154297,0.02294921875,0.4638671875
run-20260923-235747-f076c3,ratio-08.yaml,9,adversarial-7,adversarial,1.7839488983154297,0.02294921875,0.4638671875
run-20260923-235747-f076c3,ratio-08.yaml,9,normal-0,normal,1.7839488983154297,0.02294921875,0.4638671875
run-20260923-235747-f076c3,ratio-08.yaml,9,normal-1,normal,1.7839488983154297,0.02294921875,0.4638671875
run-20260923-235747-f076c3,ratio-08.yaml,10,adversarial-0,adversarial,1.8790019750595093,0.01708984375,0.513671875
run-20260923-235747-f076c3,ratio-08.yaml,10,adversarial-1,adversarial,1.8790019750595093,0.01708984375,0.513671875
run-20260923-235747-f076c3,ratio-08.yaml,10,adversarial-2,adversarial,1.8790019750595093,0.01708984375,0.513671875
run-20260923-235747-f076c3,ratio-08.yaml,10,adversarial-3,adversarial,1.8790019750595093,0.01708984375,0.513671875
run-20260923-235747-f076c3,ratio-08.yaml,10,adversarial-4,adversarial,1.8790019750595093,0.01708984375,0.513671875
run-20260923-235747-f076c3,ratio-08.yaml,10,adversarial-5,adversarial,1.8790019750595093,0.01708984375,0.513671875
run-20260923-235747-f076c3,ratio-08.yaml,10,adversarial-6,adversarial,1.8790019750595093,0.01708984375,0.513671875
run-20260923-235747-f076c3,ratio-08.yaml,10,adversarial-7,adversarial,1.8790019750595093,0.01708984375,0.513671875
run-20260923-235747-f076c3,ratio-08.yaml,10,normal-0,normal,1.8790019750595093,0.01708984375,0.513671875
run-20260923-235747-f076c3,ratio-08.yaml,10,normal-1,normal,1.8790019750595093,0.01708984375,0.513671875
run-20260923-235747-f076c3,ratio-08.yaml,11,adversarial-0,adversarial,1.987959623336792,0.009521484375,0.516357421875
run-20260923-235747-f076c3,ratio-08.yaml,11,adversarial-1,adversarial,1.987959623336792,0.009521484375,0.516357421875
run-20260923-235747-f076c3,ratio-08.yaml,11,adversarial-2,adversarial,1.987959623336792,0.009521484375,0.516357421875
run-20260923-235747-f076c3,ratio-08.yaml,11,adversarial-3,adversarial,1.987959623336792,0.009521484375,0.516357421875
run-20260923-235747-f076c3,ratio-08.yaml,11,adversarial-4,adversarial,1.987959623336792,0.009521484375,0.516357421875
run-20260923-235747-f076c3,ratio-08.yaml,11,adversarial-5,adversarial,1.987959623336792,0.009521484375,0.516357421875
run-20260923-235747-f076c3,ratio-08.yaml,11,adversarial-6,adversarial,1.987959623336792,0.009521484375,0.516357421875
run-20260923-235747-f076c3,ratio-08.yaml,11,adversarial-7,adversarial,1.987959623336792,0.009521484375,0.516357421875
run-20260923-235747-f076c3,ratio-08.yaml,11,normal-0,normal,1.987959623336792,0.009521484375,0.516357421875
run-20260923-235747-f076c3,ratio-08.yaml,11,normal-1,normal,1.987959623336792,0.009521484375,0.516357421875
run-20260923-235747-f076c3,ratio-08.yaml,12,adversarial-0,adversarial,2.1148738861083984,0.00634765625,0.4892578125
run-20260923-235747-f076c3,ratio-08.yaml,12,adversarial-1,adversarial,2.1148738861083984,0.00634765625,0.4892578125
run-20260923-235747-f076c3,ratio-08.yaml,12,adversarial-2,adversarial,2.1148738861083984,0.00634765625,0.4892578125
run-20260923-235747-f076c3,ratio-08.yaml,12,adversarial-3,adversarial,2.1148738861083984,0.00634765625,0.4892578125
run-20260923-235747-f076c3,ratio-08.yaml,12,adversarial-4,adversarial,2.1148738861083984,0.00634765625,0.4892578125
run-20260923-235747-f076c3,ratio-08.yaml,12,adversarial-5,adversarial,2.1148738861083984,0.00634765625,0.4892578125
run-20260923-235747-f076c3,ratio-08.yaml,12,adversarial-6,adversarial,2.1148738861083984,0.00634765625,0.4892578125
run-20260923-235747-f076c3,ratio-08.yaml,12,adversarial-7,adversarial,2.1148738861083984,0.00634765625,0.4892578125
run-20260923-235747-f076c3,ratio-08.yaml,12,normal-0,normal,2.1148738861083984,0.00634765625,0.4892578125
run-20260923-235747-f076c3,ratio-08.yaml,12,normal-1,normal,2.1148738861083984,0.00634765625,0.4892578125
run-20260923-235747-f076c3,ratio-08.yaml,13,adversarial-0,adversarial,2.2653274536132812,0.001953125,0.479248046875
run-20260923-235747-f076c3,ratio-08.yaml,13,adversarial-1,adversarial,2.2653274536132812,0.001953125,0.479248046875
run-20260923-235747-f076c3,ratio-08.yaml,13,adversarial-2,adversarial,2.2653274536132812,0.001953125,0.479248046875
run-20260923-235747-f076c3,ratio-08.yaml,13,adversarial-3,adversarial,2.2653274536132812,0.001953125,0.479248046875
run-20260923-235747-f076c3,ratio-08.yaml,13,adversarial-4,adversarial,2.2653274536132812,0.001953125,0.479248046875
run-20260923-235747-f076c3,ratio-08.yaml,13,adversarial-5,adversarial,2.2653274536132812,0.001953125,0.479248046875
run-20260923-235747-f076c3,ratio-08.yaml,13,adversarial-6,adversarial,2.2653274536132812,0.001953125,0.479248046875
run-20260923-235747-f076c3,ratio-08.yaml,13,adversarial-7,adversarial,2.2653274536132812,0.001953125,0.479248046875
run-20260923-235747-f076c3,ratio-08.yaml,13,normal-0,normal,2.2653274536132812,0.001953125,0.479248046875
run-20260923-235747-f076c3,ratio-08.yaml,13,normal-1,normal,2.2653274536132812,0.001953125,0.479248046875
run-20260923-235747-f076c3,ratio-08.yaml,14,adversarial-0,adversarial,2.443859815597534,0.002685546875,0.4765625
run-20260923-235747-f076c3,ratio-08.yaml,14,adversarial-1,adversarial,2.443859815597534,0.002685546875,0.4765625
run-20260923-235747-f076c3,ratio-08.yaml,14,adversarial-2,adversarial,2.443859815597534,0.002685546875,0.4765625
run-20260923-235747-f076c3,ratio-08.yaml,14,adversarial-3,adversarial,2.443859815597534,0.002685546875,0.4765625
run-20260923-235747-f076c3,ratio-08.yaml,14,adversarial-4,adversarial,2.443859815597534,0.002685546875,0.4765625
run-20260923-235747-f076c3,ratio-08.yaml,14,adversarial-5,adversarial,2.443859815597534,0.002685546875,0.4765625
run-20260923-235747-f076c3,ratio-08.yaml,14,adversarial-6,adversarial,2.443859815597534,0.002685546875,0.4765625
run-20260923-235747-f076c3,ratio-08.yaml,14,adversarial-7,adversarial,2.443859815597534,0.002685546875,0.4765625
run-20260923-235747-f076c3,ratio-08.yaml,14,normal-0,normal,2.443859815597534,0.002685546875,0.4765625
run-20260923-235747-f076c3,ratio-08.yaml,14,normal-1,normal,2.443859815597534,0.002685546875,0.4765625
run-20260923-235747-f076c3,ratio-08.yaml,15,adversarial-0,adversarial,2.6548147201538086,0.00244140625,0.47705078125
run-20260923-235747-f076c3,ratio-08.yaml,15,adversarial-1,adversarial,2.6548147201538086,0.00244140625,0.47705078125
run-20260923-235747-f076c3,ratio-08.yaml,15,adversarial-2,adversarial,2.6548147201538086,0.00244140625,0.47705078125
run-20260923-235747-f076c3,ratio-08.yaml,15,adversarial-3,adversarial,2.6548147201538086,0.00244140625,0.47705078125
run-20260923-235747-f076c3,ratio-08.yaml,15,adversarial-4,adversarial,2.6548147201538086,0.00244140625,0.47705078125
run-20260923-235747-f076c3,ratio-08.yaml,15,adversarial-5,adversarial,2.6548147201538086,0.00244140625,0.47705078125
run-20260923-235747-f076c3,ratio-08.yaml,15,adversarial-6,adversarial,2.6548147201538086,0.00244140625,0.47705078125
run-20260923-235747-f076c3,ratio-08.yaml,15,adversarial-7,adversarial,2.6548147201538086,0.00244140625,0.47705078125
run-20260923-235747-f076c3,ratio-08.yaml,15,normal-0,normal,2.6548147201538086,0.00244140625,0.47705078125
run-20260923-235747-f076c3,ratio-08.yaml,15,normal-1,normal,2.6548149585723877,0.00244140625,0.47705078125
run-20260923-235747-f076c3,ratio-08.yaml,16,adversarial-0,adversarial,2.9075937271118164,0.003662109375,0.476806640625
run-20260923-235747-f076c3,ratio-08.yaml,16,adversarial-1,adversarial,2.9075937271118164,0.003662109375,0.476806640625
run-20260923-235747-f076c3,ratio-08.yaml,16,adversarial-2,adversarial,2.9075937271118164,0.003662109375,0.476806640625
run-20260923-235747-f076c3,ratio-08.yaml,16,adversarial-3,adversarial,2.9075937271118164,0.003662109375,0.476806640625
run-20260923-235747-f076c3,ratio-08.yaml,16,adversarial-4,adversarial,2.9075937271118164,0.003662109375,0.476806640625
run-20260923-235747-f076c3,ratio-08.yaml,16,adversarial-5,adversarial,2.9075937271118164,0.003662109375,0.476806640625
run-20260923-235747-f076c3,ratio-08.yaml,16,adversarial-6,adversarial,2.9075937271118164,0.003662109375,0.476806640625
run-20260923-235747-f076c3,ratio-08.yaml,16,adversarial-7,adversarial,2.9075937271118164,0.003662109375,0.476806640625
run-20260923-235747-f076c3,ratio-08.yaml,16,normal-0,normal,2.9075937271118164,0.003662109375,0.476806640625
run-20260923-235747-f076c3,ratio-08.yaml,16,normal-1,normal,2.9075937271118164,0.003662109375,0.476806640625
run-20260923-235747-f076c3,ratio-08.yaml,17,adversarial-0,adversarial,3.2134947776794434,0.00537109375,0.48095703125
run-20260923-235747-f076c3,ratio-08.yaml,17,adversarial-1,adversarial,3.2134947776794434,0.00537109375,0.48095703125
run-20260923-235747-f076c3,ratio-08.yaml,17,adversarial-2,adversarial,3.2134947776794434,0.00537109375,0.48095703125
run-20260923-235747-f076c3,ratio-08.yaml,17,adversarial-3,adversarial,3.2134947776794434,0.00537109375,0.48095703125
run-20260923-235747-f076c3,ratio-08.yaml,17,adversarial-4,adversarial,3.2134947776794434,0.00537109375,0.48095703125
run-20260923-235747-f076c3,ratio-08.yaml,17,adversarial-5,adversarial,3.2134947776794434,0.00537109375,0.48095703125
run-20260923-235747-f076c3,ratio-08.yaml,17,adversarial-6,adversarial,3.2134947776794434,0.00537109375,0.48095703125
run-20260923-235747-f076c3,ratio-08.yaml,17,adversarial-7,adversarial,3.2134947776794434,0.00537109375,0.48095703125
run-20260923-235747-f076c3,ratio-08.yaml,17,normal-0,normal,3.2134947776794434,0.00537109375,0.48095703125
run-20260923-235747-f076c3,ratio-08.yaml,17,normal-1,normal,3.2134947776794434,0.00537109375,0.48095703125
run-20260923-235747-f076c3,ratio-08.yaml,18,adversarial-0,adversarial,3.58298397064209,0.0068359375,0.486083984375
run-20260923-235747-f076c3,ratio-08.yaml,18,adversarial-1,adversarial,3.58298397064209,0.0068359375,0.486083984375
run-20260923-235747-f076c3,ratio-08.yaml,18,adversarial-2,adversarial,3.58298397064209,0.0068359375,0.486083984375
run-20260923-235747-f076c3,ratio-08.yaml,18,adversarial-3,adversarial,3.58298397064209,0.0068359375,0.486083984375
run-20260923-235747-f076c3,ratio-08.yaml,18,adversarial-4,adversarial,3.58298397064209,0.0068359375,0.486083984375
run-20260923-235747-f076c3,ratio-08.yaml,18,adversarial-5,adversarial,3.58298397064209,0.0068359375,0.486083984375
run-20260923-235747-f076c3,ratio-08.yaml,18,adversarial-6,adversarial,3.58298397064209,0.0068359375,0.486083984375
run-20260923-235747-f076c3,ratio-08.yaml,18,adversarial-7,adversarial,3.58298397064209,0.0068359375,0.486083984375
run-20260923-235747-f076c3,ratio-08.yaml,18,normal-0,normal,3.58298397064209,0.0068359375,0.486083984375
run-20260923-235747-f076c3,ratio-08.yaml,18,normal-1,normal,3.58298397064209,0.0068359375,0.486083984375
run-20260923-235747-f076c3,ratio-08.yaml,19,adversarial-0,adversarial,4.031010150909424,0.008544921875,0.49658203125
run-20260923-235747-f076c3,ratio-08.yaml,19,adversarial-1,adversarial,4.031010150909424,0.008544921875,0.49658203125
run-20260923-235747-f076c3,ratio-08.yaml,19,adversarial-2,adversarial,4.031010150909424,0.008544921875,0.49658203125
run-20260923-235747-f076c3,ratio-08.yaml,19,adversarial-3,adversarial,4.031010150909424,0.008544921875,0.49658203125
run-20260923-235747-f076c3,ratio-08.yaml,19,adversarial-4,adversarial,4.031010150909424,0.008544921875,0.49658203125
run-20260923-235747-f076c3,ratio-08.yaml,19,adversarial-5,adversarial,4.031010150909424,0.008544921875,0.49658203125
run-20260923-235747-f076c3,ratio-08.yaml,19,adversarial-6,adversarial,4.031010150909424,0.008544921875,0.49658203125
run-20260923-235747-f076c3,ratio-08.yaml,19,adversarial-7,adversarial,4.031010150909424,0.008544921875,0.49658203125
run-20260923-235747-f076c3,ratio-08.yaml,19,normal-0,normal,4.031010150909424,0.008544921875,0.49658203125
run-20260923-235747-f076c3,ratio-08.yaml,19,normal-1,normal,4.031010150909424,0.008544921875,0.49658203125
run-20260923-235747-f076c3,ratio-08.yaml,20,adversarial-0,adversarial,4.579085350036621,0.011474609375,0.512451171875
run-20260923-235747-f076c3,ratio-08.yaml,20,adversarial-1,adversarial,4.579085350036621,0.011474609375,0.512451171875
run-20260923-235747-f076c3,ratio-08.yaml,20,adversarial-2,adversarial,4.579085350036621,0.011474609375,0.512451171875
run-20260923-235747-f076c3,ratio-08.yaml,20,adversarial-3,adversarial,4.579085350036621,0.011474609375,0.512451171875
run-20260923-235747-f076c3,ratio-08.yaml,20,adversarial-4,adversarial,4.579085350036621,0.011474609375,0.512451171875
run-20260923-235747-f076c3,ratio-08.yaml,20,adversarial-5,adversarial,4.579085350036621,0.011474609375,0.512451171875
run-20260923-235747-f076c3,ratio-08.yaml,20,adversarial-6,adversarial,4.579085350036621,0.011474609375,0.512451171875
run-20260923-235747-f076c3,ratio-08.yaml,20,adversarial-7,adversarial,4.579085350036621,0.011474609375,0.512451171875
run-20260923-235747-f076c3,ratio-08.yaml,20,normal-0,normal,4.579085350036621,0.011474609375,0.512451171875
run-20260923-235747-f076c3,ratio-08.yaml,20,normal-1,normal,4.579085350036621,0.011474609375,0.512451171875
run-20260923-235939-0a7e2f,ratio-09.yaml,0,adversarial-0,adversarial,1.4023325443267822,0.245849609375,0.3984375
run-20260923-235939-0a7e2f,ratio-09.yaml,0,adversarial-1,adversarial,1.4023325443267822,0.245849609375,0.3984375
run-20260923-235939-0a7e2f,ratio-09.yaml,0,adversarial-2,adversarial,1.4023325443267822,0.245849609375,0.3984375
run-20260923-235939-0a7e2f,ratio-09.yaml,0,adversarial-3,adversarial,1.4023325443267822,0.245849609375,0.3984375
run-20260923-235939-0a7e2f,ratio-09.yaml,0,adversarial-4,adversarial,1.4023325443267822,0.245849609375,0.3984375
run-20260923-235939-0a7e2f,ratio-09.yaml,0,adversarial-5,adversarial,1.4023325443267822,0.245849609375,0.3984375
run-20260923-235939-0a7e2f,ratio-09.yaml,0,adversarial-6,adversarial,1.4023325443267822,0.245849609375,0.3984375
run-20260923-235939-0a7e2f,ratio-09.yaml,0,adversarial-7,adversarial,1.4023325443267822,0.245849609375,0.3984375
run-20260923-235939-0a7e2f,ratio-09.yaml,0,adversarial-8,adversarial,1.4023325443267822,0.245849609375,0.3984375
run-20260923-235939-0a7e2f,ratio-09.yaml,0,normal-0,normal,1.4023325443267822,0.245849609375,0.3984375
run-20260923-235939-0a7e2f,ratio-09.yaml,1,adversarial-0,adversarial,1.4145760536193848,0.237060546875,0.38671875
run-20260923-235939-0a7e2f,ratio-09.yaml,1,adversarial-1,adversarial,1.4145760536193848,0.237060546875,0.38671875
run-20260923-235939-0a7e2f,ratio-09.yaml,1,adversarial-2,adversarial,1.4145760536193848,0.237060546875,0.38671875
run-20260923-235939-0a7e2f,ratio-09.yaml,1,adversarial-3,adversarial,1.4145760536193848,0.237060546875,0.38671875
run-20260923-235939-0a7e2f,ratio-09.yaml,1,adversarial-4,adversarial,1.4145760536193848,0.237060546875,0.38671875
run-20260923-235939-0a7e2f,ratio-09.yaml,1,adversarial-5,adversarial,1.4145760536193848,0.237060546875,0.38671875
run-20260923-235939-0a7e2f,ratio-09.yaml,1,adversarial-6,adversarial,1.4145760536193848,0.237060546875,0.38671875
run-20260923-235939-0a7e2f,ratio-09.yaml,1,adversarial-7,adversarial,1.4145760536193848,0.237060546875,0.38671875
run-20260923-235939-0a7e2f,ratio-09.yaml,1,adversarial-8,adversarial,1.4145760536193848,0.237060546875,0.38671875
run-20260923-235939-0a7e2f,ratio-09.yaml,1,normal-0,normal,1.4145760536193848,0.237060546875,0.38671875
run-20260923-235939-0a7e2f,ratio-09.yaml,2,adversarial-0,adversarial,1.437575101852417,0.22314453125,0.388916015625
run-20260923-235939-0a7e2f,ratio-09.yaml,2,adversarial-1,adversarial,1.437575101852417,0.22314453125,0.388916015625
run-20260923-235939-0a7e2f,ratio-09.yaml,2,adversarial-2,adversarial,1.437575101852417,0.22314453125,0.388916015625
run-20260923-235939-0a7e2f,ratio-09.yaml,2,adversarial-3,adversarial,1.437575101852417,0.22314453125,0.388916015625
run-20260923-235939-0a7e2f,ratio-09.yaml,2,adversarial-4,adversarial,1.437575101852417,0.22314453125,0.388916015625
run-20260923-235939-0a7e2f,ratio-09.yaml,2,adversarial-5,adversarial,1.437575101852417,0.22314453125,0.388916015625
run-20260923-235939-0a7e2f,ratio-09.yaml,2,adversarial-6,adversarial,1.437575101852417,0.22314453125,0.388916015625
run-20260923-235939-0a7e2f,ratio-09.yaml,2,adversarial-7,adversarial,1.437575101852417,0.22314453125,0.388916015625
run-20260923-235939-0a7e2f,ratio-09.yaml,2,adversarial-8,adversarial,1.437575101852417,0.22314453125,0.388916015625
run-20260923-235939-0a7e2f,ratio-09.yaml,2,normal-0,normal,1.437575101852417,0.22314453125,0.388916015625
run-20260923-235939-0a7e2f,ratio-09.yaml,3,adversarial-0,adversarial,1.4713492393493652,0.205810546875,0.386962890625
run-20260923-235939-0a7e2f,ratio-09.yaml,3,adversarial-1,adversarial,1.4713492393493652,0.205810546875,0.386962890625
run-20260923-235939-0a7e2f,ratio-09.yaml,3,adversarial-2,adversarial,1.4713492393493652,0.205810546875,0.386962890625
run-20260923-235939-0a7e2f,ratio-09.yaml,3,adversarial-3,adversarial,1.4713492393493652,0.205810546875,0.386962890625
run-20260923-235939-0a7e2f,ratio-09.yaml,3,adversarial-4,adversarial,1.4713492393493652,0.205810546875,0.386962890625
run-20260923-235939-0a7e2f,ratio-09.yaml,3,adversarial-5,adversarial,1.4713492393493652,0.205810546875,0.386962890625
run-20260923-235939-0a7e2f,ratio-09.yaml,3,adversarial-6,adversarial,1.4713492393493652,0.205810546875,0.386962890625
run-20260923-235939-0a7e2f,ratio-09.yaml,3,adversarial-7,adversarial,1.4713492393493652,0.205810546875,0.386962890625
run-20260923-235939-0a7e2f,ratio-09.yaml,3,adversarial-8,adversarial,1.4713492393493652,0.205810546875,0.386962890625
run-20260923-235939-0a7e2f,ratio-09.yaml,3,normal-0,normal,1.4713492393493652,0.205810546875,0.386962890625
run-20260923-235939-0a7e2f,ratio-09.yaml,4,adversarial-0,adversarial,1.5164334774017334,0.18310546875,0.403564453125
run-20260923-235939-0a7e2f,ratio-09.yaml,4,adversarial-1,adversarial,1.5164334774017334,0.18310546875,0.403564453125
run-20260923-235939-0a7e2f,ratio-09.yaml,4,adversarial-2,adversarial,1.5164334774017334,0.18310546875,0.403564453125
run-20260923-235939-0a7e2f,ratio-09.yaml,4,adversarial-3,adversarial,1.5164334774017334,0.18310546875,0.403564453125
run-20260923-235939-0a7e2f,ratio-09.yaml,4,adversarial-4,adversarial,1.5164334774017334,0.18310546875,0.403564453125
run-20260923-235939-0a7e2f,ratio-09.yaml,4,adversarial-5,adversarial,1.5164334774017334,0.18310546875,0.403564453125
run-20260923-235939-0a7e2f,ratio-09.yaml,4,adversarial-6,adversarial,1.5164334774017334,0.18310546875,0.403564453125
run-20260923-235939-0a7e2f,ratio-09.yaml,4,adversarial-7,adversarial,1.5164334774017334,0.18310546875,0.403564453125
run-20260923-235939-0a7e2f,ratio-09.yaml,4,adversarial-8,adversarial,1.5164334774017334,0.18310546875,0.403564453125
run-20260923-235939-0a7e2f,ratio-09.yaml,4,normal-0,normal,1.5164334774017334,0.18310546875,0.403564453125
run-20260923-235939-0a7e2f,ratio-09.yaml,5,adversarial-0,adversarial,1.5733413696289062,0.139404296875,0.43896484375
run-20260923-235939-0a7e2f,ratio-09.yaml,5,adversarial-1,adversarial,1.5733413696289062,0.139404296875,0.43896484375
run-20260923-235939-0a7e2f,ratio-09.yaml,5,adversarial-2,adversarial,1.5733413696289062,0.139404296875,0.43896484375
run-20260923-235939-0a7e2f,ratio-09.yaml,5,adversarial-3,adversarial,1.5733413696289062,0.139404296875,0.43896484375
run-20260923-235939-0a7e2f,ratio-09.yaml,5,adversarial-4,adversarial,1.5733413696289062,0.139404296875,0.43896484375
run-20260923-235939-0a7e2f,ratio-09.yaml,5,adversarial-5,adversarial,1.5733413696289062,0.139404296875,0.43896484375
run-20260923-235939-0a7e2f,ratio-09.yaml,5,adversarial-6,adversarial,1.5733413696289062,0.139404296875,0.43896484375
run-20260923-235939-0a7e2f,ratio-09.yaml,5,adversarial-7,adversarial,1.5733413696289062,0.139404296875,0.43896484375
run-20260923-235939-0a7e2f,ratio-09.yaml,5,adversarial-8,adversarial,1.5733413696289062,0.139404296875,0.43896484375
run-20260923-235939-0a7e2f,ratio-09.yaml,5,normal-0,normal,1.5733413696289062,0.139404296875,0.43896484375
run-20260923-235939-0a7e2f,ratio-09.yaml,6,adversarial-0,adversarial,1.6427606344223022,0.088623046875,0.475830078125
run-20260923-235939-0a7e2f,ratio-09.yaml,6,adversarial-1,adversarial,1.6427606344223022,0.088623046875,0.475830078125
run-20260923-235939-0a7e2f,ratio-09.yaml,6,adversarial-2,adversarial,1.6427606344223022,0.088623046875,0.475830078125
run-20260923-235939-0a7e2f,ratio-09.yaml,6,adversarial-3,adversarial,1.6427606344223022,0.088623046875,0.475830078125
run-20260923-235939-0a7e2f,ratio-09.yaml,6,adversarial-4,adversarial,1.6427606344223022,0.088623046875,0.475830078125
run-20260923-235939-0a7e2f,ratio-09.yaml,6,adversarial-5,adversarial,1.6427606344223022,0.088623046875,0.475830078125
run-20260923-235939-0a7e2f,ratio-09.yaml,6,adversarial-6,adversarial,1.6427606344223022,0.088623046875,0.475830078125
run-20260923-235939-0a7e2f,ratio-09.yaml,6,adversarial-7,adversarial,1.6427606344223022,0.088623046875,0.475830078125
run-20260923-235939-0a7e2f,ratio-09.yaml,6,adversarial-8,adversarial,1.6427606344223022,0.088623046875,0.475830078125
run-20260923-235939-0a7e2f,ratio-09.yaml,6,normal-0,normal,1.6427606344223022,0.088623046875,0.475830078125
run-20260923-235939-0a7e2f,ratio-09.yaml,7,adversarial-0,adversarial,1.7268940210342407,0.0390625,0.508544921875
run-20260923-235939-0a7e2f,ratio-09.yaml,7,adversarial-1,adversarial,1.7268940210342407,0.0390625,0.508544921875
run-20260923-235939-0a7e2f,ratio-09.yaml,7,adversarial-2,adversarial,1.7268940210342407,0.0390625,0.508544921875
run-20260923-235939-0a7e2f,ratio-09.yaml,7,adversarial-3,adversarial,1.7268940210342407,0.0390625,0.508544921875
run-20260923-235939-0a7e2f,ratio-09.yaml,7,adversarial-4,adversarial,1.7268940210342407,0.0390625,0.508544921875
run-20260923-235939-0a7e2f,ratio-09.yaml,7,adversarial-5,adversarial,1.7268940210342407,0.0390625,0.508544921875
run-20260923-235939-0a7e2f,ratio-09.yaml,7,adversarial-6,adversarial,1.7268940210342407,0.0390625,0.508544921875
run-20260923-235939-0a7e2f,ratio-09.yaml,7,adversarial-7,adversarial,1.7268940210342407,0.0390625,0.508544921875
run-20260923-235939-0a7e2f,ratio-09.yaml,7,adversarial-8,adversarial,1.7268940210342407,0.0390625,0.508544921875
run-20260923-235939-0a7e2f,ratio-09.yaml,7,normal-0,normal,1.7268940210342407,0.0390625,0.508544921875
run-20260923-235939-0a7e2f,ratio-09.yaml,8,adversarial-0,adversarial,1.8292430639266968,0.009521484375,0.576904296875
run-20260923-235939-0a7e2f,ratio-09.yaml,8,adversarial-1,adversarial,1.8292430639266968,0.009521484375,0.576904296875
run-20260923-235939-0a7e2f,ratio-09.yaml,8,adversarial-2,adversarial,1.8292430639266968,0.009521484375,0.576904296875
run-20260923-235939-0a7e2f,ratio-09.yaml,8,adversarial-3,adversarial,1.8292430639266968,0.009521484375,0.576904296875
run-20260923-235939-0a7e2f,ratio-09.yaml,8,adversarial-4,adversarial,1.8292430639266968,0.009521484375,0.576904296875
run-20260923-235939-0a7e2f,ratio-09.yaml,8,adversarial-5,adversarial,1.8292430639266968,0.009521484375,0.576904296875
run-20260923-235939-0a7e2f,ratio-09.yaml,8,adversarial-6,adversarial,1.8292430639266968,0.009521484375,0.576904296875
run-20260923-235939-0a7e2f,ratio-09.yaml,8,adversarial-7,adversarial,1.8292430639266968,0.009521484375,0.576904296875
run-20260923-235939-0a7e2f,ratio-09.yaml,8,adversarial-8,adversarial,1.8292430639266968,0.009521484375,0.576904296875
run-20260923-235939-0a7e2f,ratio-09.yaml,8,normal-0,normal,1.8292430639266968,0.009521484375,0.576904296875
run-20260923-235939-0a7e2f,ratio-09.yaml,9,adversarial-0,adversarial,1.9522744417190552,0.00341796875,0.561279296875
run-20260923-235939-0a7e2f,ratio-09.yaml,9,adversarial-1,adversarial,1.9522744417190552,0.00341796875,0.561279296875
run-20260923-235939-0a7e2f,ratio-09.yaml,9,adversarial-2,adversarial,1.9522744417190552,0.00341796875,0.561279296875
run-20260923-235939-0a7e2f,ratio-09.yaml,9,adversarial-3,adversarial,1.9522744417190552,0.00341796875,0.561279296875
run-20260923-235939-0a7e2f,ratio-09.yaml,9,adversarial-4,adversarial,1.9522744417190552,0.00341796875,0.561279296875
run-20260923-235939-0a7e2f,ratio-09.yaml,9,adversarial-5,adversarial,1.9522744417190552,0.00341796875,0.561279296875
run-20260923-235939-0a7e2f,ratio-09.yaml,9,adversarial-6,adversarial,1.9522744417190552,0.00341796875,0.561279296875
run-20260923-235939-0a7e2f,ratio-09.yaml,9,adversarial-7,adversarial,1.9522744417190552,0.00341796875,0.561279296875
run-20260923-235939-0a7e2f,ratio-09.yaml,9,adversarial-8,adversarial,1.9522744417190552,0.00341796875,0.561279296875
run-20260923-235939-0a7e2f,ratio-09.yaml,9,normal-0,normal,1.9522744417190552,0.00341796875,0.561279296875
run-20260923-235939-0a7e2f,ratio-09.yaml,10,adversarial-0,adversarial,2.103539228439331,0.001953125,0.525390625
run-20260923-235939-0a7e2f,ratio-09.yaml,10,adversarial-1,adversarial,2.103539228439331,0.001953125,0.525390625
run-20260923-235939-0a7e2f,ratio-09.yaml,10,adversarial-2,adversarial,2.103539228439331,0.001953125,0.525390625
run-20260923-235939-0a7e2f,ratio-09.yaml,10,adversarial-3,adversarial,2.103539228439331,0.001953125,0.525390625
run-20260923-235939-0a7e2f,ratio-09.yaml,10,adversarial-4,adversarial,2.103539228439331,0.001953125,0.525390625
run-20260923-235939-0a7e2f,ratio-09.yaml,10,adversarial-5,adversarial,2.103539228439331,0.001953125,0.525390625
run-20260923-235939-0a7e2f,ratio-09.yaml,10,adversarial-6,adversarial,2.103539228439331,0.001953125,0.525390625
run-20260923-235939-0a7e2f,ratio-09.yaml,10,adversarial-7,adversarial,2.103539228439331,0.001953125,0.525390625
run-20260923-235939-0a7e2f,ratio-09.yaml,10,adversarial-8,adversarial,2.103539228439331,0.001953125,0.525390625
run-20260923-235939-0a7e2f,ratio-09.yaml,10,normal-0,normal,2.103539228439331,0.001953125,0.525390625
run-20260923-235939-0a7e2f,ratio-09.yaml,11,adversarial-0,adversarial,2.286956548690796,0.0029296875,0.50439453125
run-20260923-235939-0a7e2f,ratio-09.yaml,11,adversarial-1,adversarial,2.286956548690796,0.0029296875,0.50439453125
run-20260923-235939-0a7e2f,ratio-09.yaml,11,adversarial-2,adversarial,2.286956548690796,0.0029296875,0.50439453125
run-20260923-235939-0a7e2f,ratio-09.yaml,11,adversarial-3,adversarial,2.286956548690796,0.0029296875,0.50439453125
run-20260923-235939-0a7e2f,ratio-09.yaml,11,adversarial-4,adversarial,2.286956548690796,0.0029296875,0.50439453125
run-20260923-235939-0a7e2f,ratio-09.yaml,11,adversarial-5,adversarial,2.286956548690796,0.0029296875,0.50439453125
run-20260923-235939-0a7e2f,ratio-09.yaml,11,adversarial-6,adversarial,2.286956548690796,0.0029296875,0.50439453125
run-20260923-235939-0a7e2f,ratio-09.yaml,11,adversarial-7,adversarial,2.286956548690796,0.0029296875,0.50439453125
run-20260923-235939-0a7e2f,ratio-09.yaml,11,adversarial-8,adversarial,2.286956548690796,0.0029296875,0.50439453125
run-20260923-235939-0a7e2f,ratio-09.yaml,11,normal-0,normal,2.286956548690796,0.0029296875,0.50439453125
run-20260923-235939-0a7e2f,ratio-09.yaml,12,adversarial-0,adversarial,2.5120363235473633,0.0029296875,0.491943359375
run-20260923-235939-0a7e2f,ratio-09.yaml,12,adversarial-1,adversarial,2.5120363235473633,0.0029296875,0.491943359375
run-20260923-235939-0a7e2f,ratio-09.yaml,12,adversarial-2,adversarial,2.5120363235473633,0.0029296875,0.491943359375
run-20260923-235939-0a7e2f,ratio-09.yaml,12,adversarial-3,adversarial,2.5120363235473633,0.0029296875,0.491943359375
run-20260923-235939-0a7e2f,ratio-09.yaml,12,adversarial-4,adversarial,2.5120363235473633,0.0029296875,0.491943359375
run-20260923-235939-0a7e2f,ratio-09.yaml,12,adversarial-5,adversarial,2.5120363235473633,0.0029296875,0.491943359375
run-20260923-235939-0a7e2f,ratio-09.yaml,12,adversarial-6,adversarial,2.5120363235473633,0.0029296875,0.491943359375
run-20260923-235939-0a7e2f,ratio-09.yaml,12,adversarial-7,adversarial,2.5120363235473633,0.0029296875,0.491943359375
run-20260923-235939-0a7e2f,ratio-09.yaml,12,adversarial-8,adversarial,2.5120363235473633,0.0029296875,0.491943359375
run-20260923-235939-0a7e2f,ratio-09.yaml,12,normal-0,normal,2.5120363235473633,0.0029296875,0.491943359375
run-20260923-235939-0a7e2f,ratio-09.yaml,13,adversarial-0,adversarial,2.7905287742614746,0.004638671875,0.49267578125
run-20260923-235939-0a7e2f,ratio-09.yaml,13,adversarial-1,adversarial,2.7905287742614746,0.004638671875,0.49267578125
run-20260923-235939-0a7e2f,ratio-09.yaml,13,adversarial-2,adversarial,2.7905287742614746,0.004638671875,0.49267578125
run-20260923-235939-0a7e2f,ratio-09.yaml,13,adversarial-3,adversarial,2.7905287742614746,0.004638671875,0.49267578125
run-20260923-235939-0a7e2f,ratio-09.yaml,13,adversarial-4,adversarial,2.7905287742614746,0.004638671875,0.49267578125
run-20260923-235939-0a7e2f,ratio-09.yaml,13,adversarial-5,adversarial,2.7905287742614746,0.004638671875,0.49267578125
run-20260923-235939-0a7e2f,ratio-09.yaml,13,adversarial-6,adversarial,2.7905287742614746,0.004638671875,0.49267578125
run-20260923-235939-0a7e2f,ratio-09.yaml,13,adversarial-7,adversarial,2.7905287742614746,0.004638671875,0.49267578125
run-20260923-235939-0a7e2f,ratio-09.yaml,13,adversarial-8,adversarial,2.7905287742614746,0.004638671875,0.49267578125
run-20260923-235939-0a7e2f,ratio-09.yaml,13,normal-0,normal,2.7905287742614746,0.004638671875,0.49267578125
run-20260923-235939-0a7e2f,ratio-09.yaml,14,adversarial-0,adversarial,3.1385464668273926,0.007080078125,0.496337890625
run-20260923-235939-0a7e2f,ratio-09.yaml,14,adversarial-1,adversarial,3.1385464668273926,0.007080078125,0.496337890625
run-20260923-235939-0a7e2f,ratio-09.yaml,14,adversarial-2,adversarial,3.1385464668273926,0.007080078125,0.496337890625
run-20260923-235939-0a7e2f,ratio-09.yaml,14,adversarial-3,adversarial,3.1385464668273926,0.007080078125,0.496337890625
run-20260923-235939-0a7e2f,ratio-09.yaml,14,adversarial-4,adversarial,3.1385464668273926,0.007080078125,0.496337890625
run-20260923-235939-0a7e2f,ratio-09.yaml,14,adversarial-5,adversarial,3.1385464668273926,0.007080078125,0.496337890625
run-20260923-235939-0a7e2f,ratio-09.yaml,14,adversarial-6,adversarial,3.1385464668273926,0.007080078125,0.496337890625
run-20260923-235939-0a7e2f,ratio-09.yaml,14,adversarial-7,adversarial,3.1385464668273926,0.007080078125,0.496337890625
run-20260923-235939-0a7e2f,ratio-09.yaml,14,adversarial-8,adversarial,3.1385464668273926,0.007080078125,0.496337890625
run-20260923-235939-0a7e2f,ratio-09.yaml,14,normal-0,normal,3.1385464668273926,0.007080078125,0.496337890625
run-20260923-235939-0a7e2f,ratio-09.yaml,15,adversarial-0,adversarial,3.579427719116211,0.0087890625,0.509033203125
run-20260923-235939-0a7e2f,ratio-09.yaml,15,adversarial-1,adversarial,3.579427719116211,0.0087890625,0.509033203125
run-20260923-235939-0a7e2f,ratio-09.yaml,15,adversarial-2,adversarial,3.579427719116211,0.0087890625,0.509033203125
run-20260923-235939-0a7e2f,ratio-09.yaml,15,adversarial-3,adversarial,3.579427719116211,0.0087890625,0.509033203125
run-20260923-235939-0a7e2f,ratio-09.yaml,15,adversarial-4,adversarial,3.579427719116211,0.0087890625,0.509033203125
run-20260923-235939-0a7e2f,ratio-09.yaml,15,adversarial-5,adversarial,3.579427719116211,0.0087890625,0.509033203125
run-20260923-235939-0a7e2f,ratio-09.yaml,15,adversarial-6,adversarial,3.579427719116211,0.0087890625,0.509033203125
run-20260923-235939-0a7e2f,ratio-09.yaml,15,adversarial-7,adversarial,3.579427719116211,0.0087890625,0.509033203125
run-20260923-235939-0a7e2f,ratio-09.yaml,15,adversarial-8,adversarial,3.579427719116211,0.0087890625,0.509033203125
run-20260923-235939-0a7e2f,ratio-09.yaml,15,normal-0,normal,3.579427719116211,0.0087890625,0.509033203125
run-20260923-235939-0a7e2f,ratio-09.yaml,16,adversarial-0,adversarial,4.1382246017456055,0.01220703125,0.523193359375
run-20260923-235939-0a7e2f,ratio-09.yaml,16,adversarial-1,adversarial,4.1382246017456055,0.01220703125,0.523193359375
run-20260923-235939-0a7e2f,ratio-09.yaml,16,adversarial-2,adversarial,4.1382246017456055,0.01220703125,0.523193359375
run-20260923-235939-0a7e2f,ratio-09.yaml,16,adversarial-3,adversarial,4.1382246017456055,0.01220703125,0.523193359375
run-20260923-235939-0a7e2f,ratio-09.yaml,16,adversarial-4,adversarial,4.1382246017456055,0.01220703125,0.523193359375
run-20260923-235939-0a7e2f,ratio-09.yaml,16,adversarial-5,adversarial,4.1382246017456055,0.01220703125,0.523193359375
run-20260923-235939-0a7e2f,ratio-09.yaml,16,adversarial-6,adversarial,4.1382246017456055,0.01220703125,0.523193359375
run-20260923-235939-0a7e2f,ratio-09.yaml,16,adversarial-7,adversarial,4.1382246017456055,0.01220703125,0.523193359375
run-20260923-235939-0a7e2f,ratio-09.yaml,16,adversarial-8,adversarial,4.1382246017456055,0.01220703125,0.523193359375
run-20260923-235939-0a7e2f,ratio-09.yaml,16,normal-0,normal,4.138225078582764,0.01220703125,0.523193359375
run-20260923-235939-0a7e2f,ratio-09.yaml,17,adversarial-0,adversarial,4.849447727203369,0.01513671875,0.5361328125
run-20260923-235939-0a7e2f,ratio-09.yaml,17,adversarial-1,adversarial,4.849447727203369,0.01513671875,0.5361328125
run-20260923-235939-0a7e2f,ratio-09.yaml,17,adversarial-2,adversarial,4.849447727203369,0.01513671875,0.5361328125
run-20260923-235939-0a7e2f,ratio-09.yaml,17,adversarial-3,adversarial,4.849447727203369,0.01513671875,0.5361328125
run-20260923-235939-0a7e2f,ratio-09.yaml,17,adversarial-4,adversarial,4.849447727203369,0.01513671875,0.5361328125
run-20260923-235939-0a7e2f,ratio-09.yaml,17,adversarial-5,adversarial,4.849447727203369,0.01513671875,0.5361328125
run-20260923-235939-0a7e2f,ratio-09.yaml,17,adversarial-6,adversarial,4.849447727203369,0.01513671875,0.5361328125
run-20260923-235939-0a7e2f,ratio-09.yaml,17,adversarial-7,adversarial,4.849447727203369,0.01513671875,0.5361328125
run-20260923-235939-0a7e2f,ratio-09.yaml,17,adversarial-8,adversarial,4.849447727203369,0.01513671875,0.5361328125
run-20260923-235939-0a7e2f,ratio-09.yaml,17,normal-0,normal,4.849447727203369,0.01513671875,0.5361328125
run-20260923-235939-0a7e2f,ratio-09.yaml,18,adversarial-0,adversarial,5.762677192687988,0.019287109375,0.550048828125
run-20260923-235939-0a7e2f,ratio-09.yaml,18,adversarial-1,adversarial,5.762677192687988,0.019287109375,0.550048828125
run-20260923-235939-0a7e2f,ratio-09.yaml,18,adversarial-2,adversarial,5.762677192687988,0.019287109375,0.550048828125
run-20260923-235939-0a7e2f,ratio-09.yaml,18,adversarial-3,adversarial,5.762677192687988,0.019287109375,0.550048828125
run-20260923-235939-0a7e2f,ratio-09.yaml,18,adversarial-4,adversarial,5.762677192687988,0.019287109375,0.550048828125
run-20260923-235939-0a7e2f,ratio-09.yaml,18,adversarial-5,adversarial,5.762677192687988,0.019287109375,0.550048828125
run-20260923-235939-0a7e2f,ratio-09.yaml,18,adversarial-6,adversarial,5.762677192687988,0.019287109375,0.550048828125
run-20260923-235939-0a7e2f,ratio-09.yaml,18,adversarial-7,adversarial,5.762677192687988,0.019287109375,0.550048828125
run-20260923-235939-0a7e2f,ratio-09.yaml,18,adversarial-8,adversarial,5.762677192687988,0.019287109375,0.550048828125
run-20260923-235939-0a7e2f,ratio-09.yaml,18,normal-0,normal,5.762677192687988,0.019287109375,0.550048828125
run-20260923-235939-0a7e2f,ratio-09.yaml,19,adversarial-0,adversarial,6.934951305389404,0.024169921875,0.56787109375
run-20260923-235939-0a7e2f,ratio-09.yaml,19,adversarial-1,adversarial,6.934951305389404,0.024169921875,0.56787109375
run-20260923-235939-0a7e2f,ratio-09.yaml,19,adversarial-2,adversarial,6.934951305389404,0.024169921875,0.56787109375
run-20260923-235939-0a7e2f,ratio-09.yaml,19,adversarial-3,adversarial,6.934951305389404,0.024169921875,0.56787109375
run-20260923-235939-0a7e2f,ratio-09.yaml,19,adversarial-4,adversarial,6.934951305389404,0.024169921875,0.56787109375
run-20260923-235939-0a7e2f,ratio-09.yaml,19,adversarial-5,adversarial,6.934951305389404,0.024169921875,0.56787109375
run-20260923-235939-0a7e2f,ratio-09.yaml,19,adversarial-6,adversarial,6.934951305389404,0.024169921875,0.56787109375
run-20260923-235939-0a7e2f,ratio-09.yaml,19,adversarial-7,adversarial,6.934951305389404,0.024169921875,0.56787109375
run-20260923-235939-0a7e2f,ratio-09.yaml,19,adversarial-8,adversarial,6.934951305389404,0.024169921875,0.56787109375
run-20260923-235939-0a7e2f,ratio-09.yaml,19,normal-0,normal,6.934951305389404,0.024169921875,0.56787109375
run-20260923-235939-0a7e2f,ratio-09.yaml,20,adversarial-0,adversarial,8.463733673095703,0.030517578125,0.59033203125
run-20260923-235939-0a7e2f,ratio-09.yaml,20,adversarial-1,adversarial,8.463733673095703,0.030517578125,0.59033203125
run-20260923-235939-0a7e2f,ratio-09.yaml,20,adversarial-2,adversarial,8.463733673095703,0.030517578125,0.59033203125
run-20260923-235939-0a7e2f,ratio-09.yaml,20,adversarial-3,adversarial,8.463733673095703,0.030517578125,0.59033203125
run-20260923-235939-0a7e2f,ratio-09.yaml,20,adversarial-4,adversarial,8.463733673095703,0.030517578125,0.59033203125
run-20260923-235939-0a7e2f,ratio-09.yaml,20,adversarial-5,adversarial,8.463733673095703,0.030517578125,0.59033203125
run-20260923-235939-0a7e2f,ratio-09.yaml,20,adversarial-6,adversarial,8.463733673095703,0.030517578125,0.59033203125
run-20260923-235939-0a7e2f,ratio-09.yaml,20,adversarial-7,adversarial,8.463733673095703,0.030517578125,0.59033203125
run-20260923-235939-0a7e2f,ratio-09.yaml,20,adversarial-8,adversarial,8.463733673095703,0.030517578125,0.59033203125
run-20260923-235939-0a7e2f,ratio-09.yaml,20,normal-0,normal,8.463733673095703,0.030517578125,0.59033203125
run-20260924-000129-8bd93f,ratio-10.yaml,0,adversarial-0,adversarial,1.4023325443267822,0.245849609375,0.3984375
run-20260924-000129-8bd93f,ratio-10.yaml,0,adversarial-1,adversarial,1.4023325443267822,0.245849609375,0.3984375
run-20260924-000129-8bd93f,ratio-10.yaml,0,adversarial-2,adversarial,1.4023325443267822,0.245849609375,0.3984375
run-20260924-000129-8bd93f,ratio-10.yaml,0,adversarial-3,adversarial,1.4023325443267822,0.245849609375,0.3984375
run-20260924-000129-8bd93f,ratio-10.yaml,0,adversarial-4,adversarial,1.4023325443267822,0.245849609375,0.3984375
run-20260924-000129-8bd93f,ratio-10.yaml,0,adversarial-5,adversarial,1.4023325443267822,0.245849609375,0.3984375
run-20260924-000129-8bd93f,ratio-10.yaml,0,adversarial-6,adversarial,1.4023325443267822,0.245849609375,0.3984375
run-20260924-000129-8bd93f,ratio-10.yaml,0,adversarial-7,adversarial,1.4023325443267822,0.245849609375,0.3984375
run-20260924-000129-8bd93f,ratio-10.yaml,0,adversarial-8,adversarial,1.4023325443267822,0.245849609375,0.3984375
run-20260924-000129-8bd93f,ratio-10.yaml,0,adversarial-9,adversarial,1.4023325443267822,0.245849609375,0.3984375
run-20260924-000129-8bd93f,ratio-10.yaml,1,adversarial-0,adversarial,1.41676926612854,0.23193359375,0.388427734375
run-20260924-000129-8bd93f,ratio-10.yaml,1,adversarial-1,adversarial,1.41676926612854,0.23193359375,0.388427734375
run-20260924-000129-8bd93f,ratio-10.yaml,1,adversarial-2,adversarial,1.41676926612854,0.23193359375,0.388427734375
run-20260924-000129-8bd93f,ratio-10.yaml,1,adversarial-3,adversarial,1.41676926612854,0.23193359375,0.388427734375
run-20260924-000129-8bd93f,ratio-10.yaml,1,adversarial-4,adversarial,1.41676926612854,0.23193359375,0.388427734375
run-20260924-000129-8bd93f,ratio-10.yaml,1,adversarial-5,adversarial,1.41676926612854,0.23193359375,0.388427734375
run-20260924-000129-8bd93f,ratio-10.yaml,1,adversarial-6,adversarial,1.41676926612854,0.23193359375,0.388427734375
run-20260924-000129-8bd93f,ratio-10.yaml,1,adversarial-7,adversarial,1.41676926612854,0.23193359375,0.388427734375
run-20260924-000129-8bd93f,ratio-10.yaml,1,adversarial-8,adversarial,1.41676926612854,0.23193359375,0.388427734375
run-20260924-000129-8bd93f,ratio-10.yaml,1,adversarial-9,adversarial,1.41676926612854,0.23193359375,0.388427734375
run-20260924-000129-8bd93f,ratio-10.yaml,2,adversarial-0,adversarial,1.444815993309021,0.215087890625,0.397216796875
run-20260924-000129-8bd93f,ratio-10.yaml,2,adversarial-1,adversarial,1.444815993309021,0.215087890625,0.397216796875
run-20260924-000129-8bd93f,ratio-10.yaml,2,adversarial-2,adversarial,1.444815993309021,0.215087890625,0.397216796875
run-20260924-000129-8bd93f,ratio-10.yaml,2,adversarial-3,adversarial,1.444815993309021,0.215087890625,0.397216796875
run-20260924-000129-8bd93f,ratio-10.yaml,2,adversarial-4,adversarial,1.444815993309021,0.215087890625,0.397216796875
run-20260924-000129-8bd93f,ratio-10.yaml,2,adversarial-5,adversarial,1.444815993309021,0.215087890625,0.397216796875
run-20260924-000129-8bd93f,ratio-10.yaml,2,adversarial-6,adversarial,1.444815993309021,0.215087890625,0.397216796875
run-20260924-000129-8bd93f,ratio-10.yaml,2,adversarial-7,adversarial,1.444815993309021,0.215087890625,0.397216796875
run-20260924-000129-8bd93f,ratio-10.yaml,2,adversarial-8,adversarial,1.444815993309021,0.215087890625,0.397216796875
run-20260924-000129-8bd93f,ratio-10.yaml,2,adversarial-9,adversarial,1.444815993309021,0.215087890625,0.397216796875
run-20260924-000129-8bd93f,ratio-10.yaml,3,adversarial-0,adversarial,1.4869171380996704,0.193359375,0.40185546875
run-20260924-000129-8bd93f,ratio-10.yaml,3,adversarial-1,adversarial,1.4869171380996704,0.193359375,0.40185546875
run-20260924-000129-8bd93f,ratio-10.yaml,3,adversarial-2,adversarial,1.4869171380996704,0.193359375,0.40185546875
run-20260924-000129-8bd93f,ratio-10.yaml,3,adversarial-3,adversarial,1.4869171380996704,0.193359375,0.40185546875
run-20260924-000129-8bd93f,ratio-10.yaml,3,adversarial-4,adversarial,1.4869171380996704,0.193359375,0.40185546875
run-20260924-000129-8bd93f,ratio-10.yaml,3,adversarial-5,adversarial,1.4869171380996704,0.193359375,0.40185546875
run-20260924-000129-8bd93f,ratio-10.yaml,3,adversarial-6,adversarial,1.4869171380996704,0.193359375,0.40185546875
run-20260924-000129-8bd93f,ratio-10.yaml,3,adversarial-7,adversarial,1.4869171380996704,0.193359375,0.40185546875
run-20260924-000129-8bd93f,ratio-10.yaml,3,adversarial-8,adversarial,1.4869171380996704,0.193359375,0.40185546875
run-20260924-000129-8bd93f,ratio-10.yaml,3,adversarial-9,adversarial,1.4869171380996704,0.193359375,0.40185546875
run-20260924-000129-8bd93f,ratio-10.yaml,4,adversarial-0,adversarial,1.543810486793518,0.15380859375,0.43896484375
run-20260924-000129-8bd93f,ratio-10.yaml,4,adversarial-1,adversarial,1.543810486793518,0.15380859375,0.43896484375
run-20260924-000129-8bd93f,ratio-10.yaml,4,adversarial-2,adversarial,1.543810486793518,0.15380859375,0.43896484375
run-20260924-000129-8bd93f,ratio-10.yaml,4,adversarial-3,adversarial,1.543810486793518,0.15380859375,0.43896484375
run-20260924-000129-8bd93f,ratio-10.yaml,4,adversarial-4,adversarial,1.543810486793518,0.15380859375,0.43896484375
run-20260924-000129-8bd93f,ratio-10.yaml,4,adversarial-5,adversarial,1.543810486793518,0.15380859375,0.43896484375
run-20260924-000129-8bd93f,ratio-10.yaml,4,adversarial-6,adversarial,1.543810486793518,0.15380859375,0.43896484375
run-20260924-000129-8bd93f,ratio-10.yaml,4,adversarial-7,adversarial,1.543810486793518,0.15380859375,0.43896484375
run-20260924-000129-8bd93f,ratio-10.yaml,4,adversarial-8,adversarial,1.543810486793518,0.15380859375,0.43896484375
run-20260924-000129-8bd93f,ratio-10.yaml,4,adversarial-9,adversarial,1.543810486793518,0.15380859375,0.43896484375
run-20260924-000129-8bd93f,ratio-10.yaml,5,adversarial-0,adversarial,1.6168493032455444,0.093994140625,0.50048828125
run-20260924-000129-8bd93f,ratio-10.yaml,5,adversarial-1,adversarial,1.6168493032455444,0.093994140625,0.50048828125
run-20260924-000129-8bd93f,ratio-10.yaml,5,adversarial-2,adversarial,1.6168493032455444,0.093994140625,0.50048828125
run-20260924-000129-8bd93f,ratio-10.yaml,5,adversarial-3,adversarial,1.6168493032455444,0.093994140625,0.50048828125
run-20260924-000129-8bd93f,ratio-10.yaml,5,adversarial-4,adversarial,1.6168493032455444,0.093994140625,0.50048828125
run-20260924-000129-8bd93f,ratio-10.yaml,5,adversarial-5,adversarial,1.6168493032455444,0.093994140625,0.50048828125
run-20260924-000129-8bd93f,ratio-10.yaml,5,adversarial-6,adversarial,1.6168493032455444,0.093994140625,0.50048828125
run-20260924-000129-8bd93f,ratio-10.yaml,5,adversarial-7,adversarial,1.6168493032455444,0.093994140625,0.50048828125
run-20260924-000129-8bd93f,ratio-10.yaml,5,adversarial-8,adversarial,1.6168493032455444,0.093994140625,0.50048828125
run-20260924-000129-8bd93f,ratio-10.yaml,5,adversarial-9,adversarial,1.6168493032455444,0.093994140625,0.50048828125
run-20260924-000129-8bd93f,ratio-10.yaml,6,adversarial-0,adversarial,1.7084122896194458,0.042724609375,0.56982421875
run-20260924-000129-8bd93f,ratio-10.yaml,6,adversarial-1,adversarial,1.7084122896194458,0.042724609375,0.56982421875
run-20260924-000129-8bd93f,ratio-10.yaml,6,adversarial-2,adversarial,1.7084122896194458,0.042724609375,0.56982421875
run-20260924-000129-8bd93f,ratio-10.yaml,6,adversarial-3,adversarial,1.7084122896194458,0.042724609375,0.56982421875
run-20260924-000129-8bd93f,ratio-10.yaml,6,adversarial-4,adversarial,1.7084122896194458,0.042724609375,0.56982421875
run-20260924-000129-8bd93f,ratio-10.yaml,6,adversarial-5,adversarial,1.7084122896194458,0.042724609375,0.56982421875
run-20260924-000129-8bd93f,ratio-10.yaml,6,adversarial-6,adversarial,1.7084122896194458,0.042724609375,0.56982421875
run-20260924-000129-8bd93f,ratio-10.yaml,6,adversarial-7,adversarial,1.7084122896194458,0.042724609375,0.56982421875
run-20260924-000129-8bd93f,ratio-10.yaml,6,adversarial-8,adversarial,1.7084122896194458,0.042724609375,0.56982421875
run-20260924-000129-8bd93f,ratio-10.yaml,6,adversarial-9,adversarial,1.7084122896194458,0.042724609375,0.56982421875
run-20260924-000129-8bd93f,ratio-10.yaml,7,adversarial-0,adversarial,1.8222872018814087,0.01708984375,0.61083984375
run-20260924-000129-8bd93f,ratio-10.yaml,7,adversarial-1,adversarial,1.8222872018814087,0.01708984375,0.61083984375
run-20260924-000129-8bd93f,ratio-10.yaml,7,adversarial-2,adversarial,1.8222872018814087,0.01708984375,0.61083984375
run-20260924-000129-8bd93f,ratio-10.yaml,7,adversarial-3,adversarial,1.8222872018814087,0.01708984375,0.61083984375
run-20260924-000129-8bd93f,ratio-10.yaml,7,adversarial-4,adversarial,1.8222872018814087,0.01708984375,0.61083984375
run-20260924-000129-8bd93f,ratio-10.yaml,7,adversarial-5,adversarial,1.8222872018814087,0.01708984375,0.61083984375
run-20260924-000129-8bd93f,ratio-10.yaml,7,adversarial-6,adversarial,1.8222872018814087,0.01708984375,0.61083984375
run-20260924-000129-8bd93f,ratio-10.yaml,7,adversarial-7,adversarial,1.8222872018814087,0.01708984375,0.61083984375
run-20260924-000129-8bd93f,ratio-10.yaml,7,adversarial-8,adversarial,1.8222872018814087,0.01708984375,0.61083984375
run-20260924-000129-8bd93f,ratio-10.yaml,7,adversarial-9,adversarial,1.8222872018814087,0.01708984375,0.61083984375
run-20260924-000129-8bd93f,ratio-10.yaml,8,adversarial-0,adversarial,1.965390920639038,0.01025390625,0.59619140625
run-20260924-000129-8bd93f,ratio-10.yaml,8,adversarial-1,adversarial,1.965390920639038,0.01025390625,0.59619140625
run-20260924-000129-8bd93f,ratio-10.yaml,8,adversarial-2,adversarial,1.965390920639038,0.01025390625,0.59619140625
run-20260924-000129-8bd93f,ratio-10.yaml,8,adversarial-3,adversarial,1.965390920639038,0.01025390625,0.59619140625
run-20260924-000129-8bd93f,ratio-10.yaml,8,adversarial-4,adversarial,1.965390920639038,0.01025390625,0.59619140625
run-20260924-000129-8bd93f,ratio-10.yaml,8,adversarial-5,adversarial,1.965390920639038,0.01025390625,0.59619140625
run-20260924-000129-8bd93f,ratio-10.yaml,8,adversarial-6,adversarial,1.965390920639038,0.01025390625,0.59619140625
run-20260924-000129-8bd93f,ratio-10.yaml,8,adversarial-7,adversarial,1.965390920639038,0.01025390625,0.59619140625
run-20260924-000129-8bd93f,ratio-10.yaml,8,adversarial-8,adversarial,1.965390920639038,0.01025390625,0.59619140625
run-20260924-000129-8bd93f,ratio-10.yaml,8,adversarial-9,adversarial,1.965390920639038,0.01025390625,0.59619140625
run-20260924-000129-8bd93f,ratio-10.yaml,9,adversarial-0,adversarial,2.1440768241882324,0.00830078125,0.5703125
run-20260924-000129-8bd93f,ratio-10.yaml,9,adversarial-1,adversarial,2.1440768241882324,0.00830078125,0.5703125
run-20260924-000129-8bd93f,ratio-10.yaml,9,adversarial-2,adversarial,2.1440768241882324,0.00830078125,0.5703125
run-20260924-000129-8bd93f,ratio-10.yaml,9,adversarial-3,adversarial,2.1440768241882324,0.00830078125,0.5703125
run-20260924-000129-8bd93f,ratio-10.yaml,9,adversarial-4,adversarial,2.1440768241882324,0.00830078125,0.5703125
run-20260924-000129-8bd93f,ratio-10.yaml,9,adversarial-5,adversarial,2.1440768241882324,0.00830078125,0.5703125
run-20260924-000129-8bd93f,ratio-10.yaml,9,adversarial-6,adversarial,2.1440768241882324,0.00830078125,0.5703125
run-20260924-000129-8bd93f,ratio-10.yaml,9,adversarial-7,adversarial,2.1440768241882324,0.00830078125,0.5703125
run-20260924-000129-8bd93f,ratio-10.yaml,9,adversarial-8,adversarial,2.1440768241882324,0.00830078125,0.5703125
run-20260924-000129-8bd93f,ratio-10.yaml,9,adversarial-9,adversarial,2.1440768241882324,0.00830078125,0.5703125
run-20260924-000129-8bd93f,ratio-10.yaml,10,adversarial-0,adversarial,2.3724124431610107,0.0087890625,0.544189453125
run-20260924-000129-8bd93f,ratio-10.yaml,10,adversarial-1,adversarial,2.3724124431610107,0.0087890625,0.544189453125
run-20260924-000129-8bd93f,ratio-10.yaml,10,adversarial-2,adversarial,2.3724124431610107,0.0087890625,0.544189453125
run-20260924-000129-8bd93f,ratio-10.yaml,10,adversarial-3,adversarial,2.3724124431610107,0.0087890625,0.544189453125
run-20260924-000129-8bd93f,ratio-10.yaml,10,adversarial-4,adversarial,2.3724124431610107,0.0087890625,0.544189453125
run-20260924-000129-8bd93f,ratio-10.yaml,10,adversarial-5,adversarial,2.3724124431610107,0.0087890625,0.544189453125
run-20260924-000129-8bd93f,ratio-10.yaml,10,adversarial-6,adversarial,2.3724124431610107,0.0087890625,0.544189453125
run-20260924-000129-8bd93f,ratio-10.yaml,10,adversarial-7,adversarial,2.3724124431610107,0.0087890625,0.544189453125
run-20260924-000129-8bd93f,ratio-10.yaml,10,adversarial-8,adversarial,2.3724124431610107,0.0087890625,0.544189453125
run-20260924-000129-8bd93f,ratio-10.yaml,10,adversarial-9,adversarial,2.3724124431610107,0.0087890625,0.544189453125
run-20260924-000129-8bd93f,ratio-10.yaml,11,adversarial-0,adversarial,2.6629135608673096,0.00927734375,0.535888671875
run-20260924-000129-8bd93f,ratio-10.yaml,11,adversarial-1,adversarial,2.6629135608673096,0.00927734375,0.535888671875
run-20260924-000129-8bd93f,ratio-10.yaml,11,adversarial-2,adversarial,2.6629135608673096,0.00927734375,0.535888671875
run-20260924-000129-8bd93f,ratio-10.yaml,11,adversarial-3,adversarial,2.6629135608673096,0.00927734375,0.535888671875
run-20260924-000129-8bd93f,ratio-10.yaml,11,adversarial-4,adversarial,2.6629135608673096,0.00927734375,0.535888671875
run-20260924-000129-8bd93f,ratio-10.yaml,11,adversarial-5,adversarial,2.6629135608673096,0.00927734375,0.535888671875
run-20260924-000129-8bd93f,ratio-10.yaml,11,adversarial-6,adversarial,2.6629135608673096,0.00927734375,0.535888671875
run-20260924-000129-8bd93f,ratio-10.yaml,11,adversarial-7,adversarial,2.6629135608673096,0.00927734375,0.535888671875
run-20260924-000129-8bd93f,ratio-10.yaml,11,adversarial-8,adversarial,2.6629135608673096,0.00927734375,0.535888671875
run-20260924-000129-8bd93f,ratio-10.yaml,11,adversarial-9,adversarial,2.6629135608673096,0.00927734375,0.535888671875
run-20260924-000129-8bd93f,ratio-10.yaml,12,adversarial-0,adversarial,3.037219762802124,0.012451171875,0.535400390625
run-20260924-000129-8bd93f,ratio-10.yaml,12,adversarial-1,adversarial,3.037219762802124,0.012451171875,0.535400390625
run-20260924-000129-8bd93f,ratio-10.yaml,12,adversarial-2,adversarial,3.037219762802124,0.012451171875,0.535400390625
run-20260924-000129-8bd93f,ratio-10.yaml,12,adversarial-3,adversarial,3.037219762802124,0.012451171875,0.535400390625
run-20260924-000129-8bd93f,ratio-10.yaml,12,adversarial-4,adversarial,3.037219762802124,0.012451171875,0.535400390625
run-20260924-000129-8bd93f,ratio-10.yaml,12,adversarial-5,adversarial,3.037219762802124,0.012451171875,0.535400390625
run-20260924-000129-8bd93f,ratio-10.yaml,12,adversarial-6,adversarial,3.037219762802124,0.012451171875,0.535400390625
run-20260924-000129-8bd93f,ratio-10.yaml,12,adversarial-7,adversarial,3.037219762802124,0.012451171875,0.535400390625
run-20260924-000129-8bd93f,ratio-10.yaml,12,adversarial-8,adversarial,3.037219762802124,0.012451171875,0.535400390625
run-20260924-000129-8bd93f,ratio-10.yaml,12,adversarial-9,adversarial,3.037219762802124,0.012451171875,0.535400390625
run-20260924-000129-8bd93f,ratio-10.yaml,13,adversarial-0,adversarial,3.525306224822998,0.014892578125,0.54248046875
run-20260924-000129-8bd93f,ratio-10.yaml,13,adversarial-1,adversarial,3.525306224822998,0.014892578125,0.54248046875
run-20260924-000129-8bd93f,ratio-10.yaml,13,adversarial-2,adversarial,3.525306224822998,0.014892578125,0.54248046875
run-20260924-000129-8bd93f,ratio-10.yaml,13,adversarial-3,adversarial,3.525306224822998,0.014892578125,0.54248046875
run-20260924-000129-8bd93f,ratio-10.yaml,13,adversarial-4,adversarial,3.525306224822998,0.014892578125,0.54248046875
run-20260924-000129-8bd93f,ratio-10.yaml,13,adversarial-5,adversarial,3.525306224822998,0.014892578125,0.54248046875
run-20260924-000129-8bd93f,ratio-10.yaml,13,adversarial-6,adversarial,3.525306224822998,0.014892578125,0.54248046875
run-20260924-000129-8bd93f,ratio-10.yaml,13,adversarial-7,adversarial,3.525306224822998,0.014892578125,0.54248046875
run-20260924-000129-8bd93f,ratio-10.yaml,13,adversarial-8,adversarial,3.525306224822998,0.014892578125,0.54248046875
run-20260924-000129-8bd93f,ratio-10.yaml,13,adversarial-9,adversarial,3.525306224822998,0.014892578125,0.54248046875
run-20260924-000129-8bd93f,ratio-10.yaml,14,adversarial-0,adversarial,4.171016693115234,0.019287109375,0.55322265625
run-20260924-000129-8bd93f,ratio-10.yaml,14,adversarial-1,adversarial,4.171016693115234,0.019287109375,0.55322265625
run-20260924-000129-8bd93f,ratio-10.yaml,14,adversarial-2,adversarial,4.171016693115234,0.019287109375,0.55322265625
run-20260924-000129-8bd93f,ratio-10.yaml,14,adversarial-3,adversarial,4.171016693115234,0.019287109375,0.55322265625
run-20260924-000129-8bd93f,ratio-10.yaml,14,adversarial-4,adversarial,4.171016693115234,0.019287109375,0.55322265625
run-20260924-000129-8bd93f,ratio-10.yaml,14,adversarial-5,adversarial,4.171016693115234,0.019287109375,0.55322265625
run-20260924-000129-8bd93f,ratio-10.yaml,14,adversarial-6,adversarial,4.171016693115234,0.019287109375,0.55322265625
run-20260924-000129-8bd93f,ratio-10.yaml,14,adversarial-7,adversarial,4.171016693115234,0.019287109375,0.55322265625
run-20260924-000129-8bd93f,ratio-10.yaml,14,adversarial-8,adversarial,4.171016693115234,0.019287109375,0.55322265625
run-20260924-000129-8bd93f,ratio-10.yaml,14,adversarial-9,adversarial,4.171016693115234,0.019287109375,0.55322265625
run-20260924-000129-8bd93f,ratio-10.yaml,15,adversarial-0,adversarial,5.030186176300049,0.02294921875,0.56689453125
run-20260924-000129-8bd93f,ratio-10.yaml,15,adversarial-1,adversarial,5.030186176300049,0.02294921875,0.56689453125
run-20260924-000129-8bd93f,ratio-10.yaml,15,adversarial-2,adversarial,5.030186176300049,0.02294921875,0.56689453125
run-20260924-000129-8bd93f,ratio-10.yaml,15,adversarial-3,adversarial,5.030186176300049,0.02294921875,0.56689453125
run-20260924-000129-8bd93f,ratio-10.yaml,15,adversarial-4,adversarial,5.030186176300049,0.02294921875,0.56689453125
run-20260924-000129-8bd93f,ratio-10.yaml,15,adversarial-5,adversarial,5.030186176300049,0.02294921875,0.56689453125
run-20260924-000129-8bd93f,ratio-10.yaml,15,adversarial-6,adversarial,5.030186176300049,0.02294921875,0.56689453125
run-20260924-000129-8bd93f,ratio-10.yaml,15,adversarial-7,adversarial,5.030186176300049,0.02294921875,0.56689453125
run-20260924-000129-8bd93f,ratio-10.yaml,15,adversarial-8,adversarial,5.030186176300049,0.02294921875,0.56689453125
run-20260924-000129-8bd93f,ratio-10.yaml,15,adversarial-9,adversarial,5.030186176300049,0.02294921875,0.56689453125
run-20260924-000129-8bd93f,ratio-10.yaml,16,adversarial-0,adversarial,6.174732685089111,0.027587890625,0.5830078125
run-20260924-000129-8bd93f,ratio-10.yaml,16,adversarial-1,adversarial,6.174732685089111,0.027587890625,0.5830078125
run-20260924-000129-8bd93f,ratio-10.yaml,16,adversarial-2,adversarial,6.174732685089111,0.027587890625,0.5830078125
run-20260924-000129-8bd93f,ratio-10.yaml,16,adversarial-3,adversarial,6.174732685089111,0.027587890625,0.5830078125
run-20260924-000129-8bd93f,ratio-10.yaml,16,adversarial-4,adversarial,6.174732685089111,0.027587890625,0.5830078125
run-20260924-000129-8bd93f,ratio-10.yaml,16,adversarial-5,adversarial,6.174732685089111,0.027587890625,0.5830078125
run-20260924-000129-8bd93f,ratio-10.yaml,16,adversarial-6,adversarial,6.174732685089111,0.027587890625,0.5830078125
run-20260924-000129-8bd93f,ratio-10.yaml,16,adversarial-7,adversarial,6.174732685089111,0.027587890625,0.5830078125
run-20260924-000129-8bd93f,ratio-10.yaml,16,adversarial-8,adversarial,6.174732685089111,0.027587890625,0.5830078125
run-20260924-000129-8bd93f,ratio-10.yaml,16,adversarial-9,adversarial,6.174732685089111,0.027587890625,0.5830078125
run-20260924-000129-8bd93f,ratio-10.yaml,17,adversarial-0,adversarial,7.726136684417725,0.032958984375,0.601806640625
run-20260924-000129-8bd93f,ratio-10.yaml,17,adversarial-1,adversarial,7.726136684417725,0.032958984375,0.601806640625
run-20260924-000129-8bd93f,ratio-10.yaml,17,adversarial-2,adversarial,7.726136684417725,0.032958984375,0.601806640625
run-20260924-000129-8bd93f,ratio-10.yaml,17,adversarial-3,adversarial,7.726136684417725,0.032958984375,0.601806640625
run-20260924-000129-8bd93f,ratio-10.yaml,17,adversarial-4,adversarial,7.726136684417725,0.032958984375,0.601806640625
run-20260924-000129-8bd93f,ratio-10.yaml,17,adversarial-5,adversarial,7.726136684417725,0.032958984375,0.601806640625
run-20260924-000129-8bd93f,ratio-10.yaml,17,adversarial-6,adversarial,7.726136684417725,0.032958984375,0.601806640625
run-20260924-000129-8bd93f,ratio-10.yaml,17,adversarial-7,adversarial,7.726136684417725,0.032958984375,0.601806640625
run-20260924-000129-8bd93f,ratio-10.yaml,17,adversarial-8,adversarial,7.726136684417725,0.032958984375,0.601806640625
run-20260924-000129-8bd93f,ratio-10.yaml,17,adversarial-9,adversarial,7.726136684417725,0.032958984375,0.601806640625
run-20260924-000129-8bd93f,ratio-10.yaml,18,adversarial-0,adversarial,9.819562911987305,0.040771484375,0.628662109375
run-20260924-000129-8bd93f,ratio-10.yaml,18,adversarial-1,adversarial,9.819562911987305,0.040771484375,0.628662109375
run-20260924-000129-8bd93f,ratio-10.yaml,18,adversarial-2,adversarial,9.819562911987305,0.040771484375,0.628662109375
run-20260924-000129-8bd93f,ratio-10.yaml,18,adversarial-3,adversarial,9.819562911987305,0.040771484375,0.628662109375
run-20260924-000129-8bd93f,ratio-10.yaml,18,adversarial-4,adversarial,9.819562911987305,0.040771484375,0.628662109375
run-20260924-000129-8bd93f,ratio-10.yaml,18,adversarial-5,adversarial,9.819562911987305,0.040771484375,0.628662109375
run-20260924-000129-8bd93f,ratio-10.yaml,18,adversarial-6,adversarial,9.819562911987305,0.040771484375,0.628662109375
run-20260924-000129-8bd93f,ratio-10.yaml,18,adversarial-7,adversarial,9.819562911987305,0.040771484375,0.628662109375
run-20260924-000129-8bd93f,ratio-10.yaml,18,adversarial-8,adversarial,9.819562911987305,0.040771484375,0.628662109375
run-20260924-000129-8bd93f,ratio-10.yaml,18,adversarial-9,adversarial,9.819562911987305,0.040771484375,0.628662109375
run-20260924-000129-8bd93f,ratio-10.yaml,19,adversarial-0,adversarial,12.662508964538574,0.04736328125,0.6474609375
run-20260924-000129-8bd93f,ratio-10.yaml,19,adversarial-1,adversarial,12.662508964538574,0.04736328125,0.6474609375
run-20260924-000129-8bd93f,ratio-10.yaml,19,adversarial-2,adversarial,12.662508964538574,0.04736328125,0.6474609375
run-20260924-000129-8bd93f,ratio-10.yaml,19,adversarial-3,adversarial,12.662508964538574,0.04736328125,0.6474609375
run-20260924-000129-8bd93f,ratio-10.yaml,19,adversarial-4,adversarial,12.662508964538574,0.04736328125,0.6474609375
run-20260924-000129-8bd93f,ratio-10.yaml,19,adversarial-5,adversarial,12.662508964538574,0.04736328125,0.6474609375
run-20260924-000129-8bd93f,ratio-10.yaml,19,adversarial-6,adversarial,12.662508964538574,0.04736328125,0.6474609375
run-20260924-000129-8bd93f,ratio-10.yaml,19,adversarial-7,adversarial,12.662508964538574,0.04736328125,0.6474609375
run-20260924-000129-8bd93f,ratio-10.yaml,19,adversarial-8,adversarial,12.662508964538574,0.04736328125,0.6474609375
run-20260924-000129-8bd93f,ratio-10.yaml,19,adversarial-9,adversarial,12.662508964538574,0.04736328125,0.6474609375
run-20260924-000129-8bd93f,ratio-10.yaml,20,adversarial-0,adversarial,16.514089584350586,0.056884765625,0.666748046875
run-20260924-000129-8bd93f,ratio-10.yaml,20,adversarial-1,adversarial,16.514089584350586,0.056884765625,0.666748046875
run-20260924-000129-8bd93f,ratio-10.yaml,20,adversarial-2,adversarial,16.514089584350586,0.056884765625,0.666748046875
run-20260924-000129-8bd93f,ratio-10.yaml,20,adversarial-3,adversarial,16.514089584350586,0.056884765625,0.666748046875
run-20260924-000129-8bd93f,ratio-10.yaml,20,adversarial-4,adversarial,16.514089584350586,0.056884765625,0.666748046875
run-20260924-000129-8bd93f,ratio-10.yaml,20,adversarial-5,adversarial,16.514089584350586,0.056884765625,0.666748046875
run-20260924-000129-8bd93f,ratio-10.yaml,20,adversarial-6,adversarial,16.514089584350586,0.056884765625,0.666748046875
run-20260924-000129-8bd93f,ratio-10.yaml,20,adversarial-7,adversarial,16.514089584350586,0.056884765625,0.666748046875
run-20260924-000129-8bd93f,ratio-10.yaml,20,adversarial-8,adversarial,16.514089584350586,0.056884765625,0.666748046875
run-20260924-000129-8bd93f,ratio-10.yaml,20,adversarial-9,adversarial,16.514089584350586,0.056884765625,0.666748046875
